region_id,name,latitude,longitude,admin_level,boundary,place,country,state,county,city,parent_name,source_type
node/57519541,神楽坂,35.7010851,139.7412287,quarter,,quarter,,,,,,node
node/57533371,恵比寿,35.6462954,139.714385,quarter,,quarter,,,,,,node
node/57534062,広尾,35.6522569,139.7175844,quarter,,quarter,,,,,,node
node/57536180,新橋,35.6651059,139.7561163,quarter,,quarter,,,,,,node
node/57542483,目黒区,35.6408352,139.6985376,city,,city,,,,,,node
node/265018692,東京都,35.6768601,139.7638947,2,,city,,,,,,node
node/661127358,上原,35.6669782,139.6806824,quarter,,quarter,,,,,,node
node/664479961,文京区,35.7080255,139.7523066,city,,city,,,,,,node
node/777895924,東中野,35.7044839,139.6832333,quarter,,quarter,,,,,,node
node/790668011,松濤,35.6607632,139.6920068,quarter,,quarter,,,,,,node
node/790757596,上落合,35.7114276,139.6836606,quarter,,quarter,,,,,,node
node/876619059,本町,35.6841449,139.6806558,quarter,,quarter,,,,,,node
node/1042491447,台東区,35.7125805,139.7800712,city,,city,,,,,,node
node/1042516435,千代田区,35.6940537,139.7535006,city,,city,,,,,,node
node/1111454595,中央区,35.6706436,139.7719923,7,,city,,,,,,node
node/1111454640,港区,35.6580089,139.7515137,7,,city,,,,,,node
node/1438867377,渋谷区,35.6637109,139.6976941,city,,city,,,,,,node
node/1952395613,歌舞伎町,35.6945429,139.7027105,quarter,,quarter,,,,,,node
node/2088086008,南青山六丁目,35.6607745,139.7165651,neighbourhood,,neighbourhood,,,,,,node
node/2121099765,宇田川町,35.6620752,139.6974957,neighbourhood,,neighbourhood,,,,,,node
node/2183413256,渋谷一丁目,35.6618126,139.7050733,neighbourhood,,neighbourhood,,,,,,node
node/2389061853,新宿区,35.6937632,139.7036319,city,,city,,,,,,node
node/2696911263,神田美土代町,35.6932147,139.7656475,neighbourhood,,neighbourhood,,,,,,node
node/2696912715,神田司町二丁目,35.693464,139.767523,neighbourhood,,neighbourhood,,,,,,node
node/2696927498,神田多町二丁目,35.693856,139.769189,neighbourhood,,neighbourhood,,,,,,node
node/2697772414,神田美倉町,35.6909796,139.774406,neighbourhood,,neighbourhood,,,,,,node
node/2697776305,神田西福田町,35.691334,139.774244,neighbourhood,,neighbourhood,,,,,,node
node/2697791623,神田北乗物町,35.692455,139.773897,neighbourhood,,neighbourhood,,,,,,node
node/2697795469,神田紺屋町,35.6920036,139.7741043,neighbourhood,,neighbourhood,,,,,,node
node/2697799161,神田富山町,35.6936145,139.7734213,neighbourhood,,neighbourhood,,,,,,node
node/2697809034,神田東松下町,35.6944834,139.7736525,neighbourhood,,neighbourhood,,,,,,node
node/2697818549,神田岩本町,35.6957381,139.7749901,neighbourhood,,neighbourhood,,,,,,node
node/2697827804,神田東紺屋町,35.6929901,139.7746461,neighbourhood,,neighbourhood,,,,,,node
node/2697915957,千代田,35.685403,139.752738,neighbourhood,,neighbourhood,,,,,,node
node/2700294306,皇居外苑,35.679944,139.758466,neighbourhood,,neighbourhood,,,,,,node
node/2706955206,麻布台,35.6596917,139.7412077,quarter,,quarter,,,,,,node
node/2706980759,麻布十番,35.6542621,139.7366855,quarter,,quarter,,,,,,node
node/2706994591,麻布永坂町,35.6586313,139.7378931,neighbourhood,,neighbourhood,,,,,,node
node/2707006512,麻布狸穴町,35.6588546,139.7394096,neighbourhood,,neighbourhood,,,,,,node
node/2707186442,神田佐久間河岸,35.697048,139.777798,neighbourhood,,neighbourhood,,,,,,node
node/2708843377,神田平河町,35.698036,139.775653,neighbourhood,,neighbourhood,,,,,,node
node/2709381402,神田和泉町,35.699704,139.777907,neighbourhood,,neighbourhood,,,,,,node
node/2709399751,神田松永町,35.70031,139.775293,neighbourhood,,neighbourhood,,,,,,node
node/2892138263,日比谷公園,35.673889,139.756191,neighbourhood,,neighbourhood,,,,,,node
node/2893344142,豊海町,35.6533124,139.7693873,neighbourhood,,neighbourhood,,,,,,node
node/3215447442,隼町,35.6810713,139.7428806,neighbourhood,,neighbourhood,,,,,,node
node/3700829607,紀尾井町,35.6808358,139.7354864,neighbourhood,,neighbourhood,,,,,,node
node/4881037222,秋葉原,35.7018928,139.7743684,neighbourhood,,neighbourhood,,,,,,node
node/5296991942,渋谷,35.6610748,139.7037525,quarter,,quarter,,,,,,node
node/5732714911,六本木,35.6624568,139.7334981,quarter,,quarter,,,,,,node
node/5732715872,赤坂,35.6716786,139.7356224,quarter,,quarter,,,,,,node
node/6281956001,新宿二丁目,35.6900255,139.7089198,neighbourhood,,neighbourhood,,,,,,node
node/8096977931,両国一丁目,35.694107,139.789858,neighbourhood,,neighbourhood,,,,,,node
node/8354653148,新橋六丁目,35.661548,139.7544341,neighbourhood,,neighbourhood,,,,,,node
node/8354653149,新橋五丁目,35.663092,139.7553769,neighbourhood,,neighbourhood,,,,,,node
node/8354653150,新橋四丁目,35.6644071,139.7559549,neighbourhood,,neighbourhood,,,,,,node
node/8354653151,新橋三丁目,35.6655555,139.7563666,neighbourhood,,neighbourhood,,,,,,node
node/8354653152,新橋二丁目,35.6668663,139.7574154,neighbourhood,,neighbourhood,,,,,,node
node/8354653153,新橋一丁目,35.6680092,139.7584668,neighbourhood,,neighbourhood,,,,,,node
node/8354653154,愛宕二丁目,35.66291,139.748674,neighbourhood,,neighbourhood,,,,,,node
node/8354653155,愛宕一丁目,35.6651241,139.7492199,neighbourhood,,neighbourhood,,,,,,node
node/8354653156,西新橋三丁目,35.663287,139.751485,neighbourhood,,neighbourhood,,,,,,node
node/8354653157,西新橋二丁目,35.6661548,139.7524774,neighbourhood,,neighbourhood,,,,,,node
node/8354653158,西新橋一丁目,35.6687435,139.7534296,neighbourhood,,neighbourhood,,,,,,node
node/8354653159,虎ノ門五丁目,35.6625941,139.7439882,neighbourhood,,neighbourhood,,,,,,node
node/8354653160,虎ノ門四丁目,35.6648408,139.744758,neighbourhood,,neighbourhood,,,,,,node
node/8354653161,虎ノ門三丁目,35.664357,139.7474912,neighbourhood,,neighbourhood,,,,,,node
node/8354653162,虎ノ門二丁目,35.6684515,139.7463848,neighbourhood,,neighbourhood,,,,,,node
node/8354653163,虎ノ門一丁目,35.6683393,139.750109,neighbourhood,,neighbourhood,,,,,,node
node/8354653164,八丁堀四丁目,35.674321,139.776477,neighbourhood,,neighbourhood,,,,,,node
node/8354653165,八丁堀三丁目,35.675598,139.77503,neighbourhood,,neighbourhood,,,,,,node
node/8354653166,八丁堀一丁目,35.677565,139.776823,neighbourhood,,neighbourhood,,,,,,node
node/8354653167,八丁堀二丁目,35.67656,139.776403,neighbourhood,,neighbourhood,,,,,,node
node/8354653169,日本橋茅場町二丁目,35.679003,139.779308,neighbourhood,,neighbourhood,,,,,,node
node/8354653170,日本橋茅場町一丁目,35.68074,139.779843,neighbourhood,,neighbourhood,,,,,,node
node/8354653171,日本橋兜町,35.681076,139.777678,neighbourhood,,neighbourhood,,,,,,node
node/8354653172,銀座八丁目,35.666698,139.763463,neighbourhood,,neighbourhood,,,,,,node
node/8354653173,銀座七丁目,35.668438,139.763386,neighbourhood,,neighbourhood,,,,,,node
node/8354653174,銀座六丁目,35.669261,139.764429,neighbourhood,,neighbourhood,,,,,,node
node/8354653175,銀座五丁目,35.670113,139.765481,neighbourhood,,neighbourhood,,,,,,node
node/8354653176,銀座四丁目,35.67117,139.766249,neighbourhood,,neighbourhood,,,,,,node
node/8354653177,銀座三丁目,35.671967,139.767249,neighbourhood,,neighbourhood,,,,,,node
node/8354653178,銀座一丁目,35.673632,139.770301,neighbourhood,,neighbourhood,,,,,,node
node/8354653179,銀座二丁目,35.672914,139.768126,neighbourhood,,neighbourhood,,,,,,node
node/8354653180,京橋三丁目,35.675404,139.769895,neighbourhood,,neighbourhood,,,,,,node
node/8354653181,京橋二丁目,35.676656,139.771221,neighbourhood,,neighbourhood,,,,,,node
node/8354653182,京橋一丁目,35.678152,139.772166,neighbourhood,,neighbourhood,,,,,,node
node/8354653183,八重洲二丁目,35.677927,139.768247,neighbourhood,,neighbourhood,,,,,,node
node/8354653184,八重洲一丁目,35.682265,139.770922,neighbourhood,,neighbourhood,,,,,,node
node/8354653185,日本橋三丁目,35.6797449,139.7729101,neighbourhood,,neighbourhood,,,,,,node
node/8354653186,日本橋二丁目,35.681272,139.774266,neighbourhood,,neighbourhood,,,,,,node
node/8354653187,日本橋一丁目,35.6831487,139.7756523,neighbourhood,,neighbourhood,,,,,,node
node/8354653188,日本橋本町四丁目,35.690183,139.775106,neighbourhood,,neighbourhood,,,,,,node
node/8354653189,日本橋本町三丁目,35.688895,139.77566,neighbourhood,,neighbourhood,,,,,,node
node/8354653190,日本橋本町二丁目,35.687852,139.775799,neighbourhood,,neighbourhood,,,,,,node
node/8354653191,日本橋本町一丁目,35.685747,139.776872,neighbourhood,,neighbourhood,,,,,,node
node/8354653192,日本橋室町四丁目,35.689122,139.77239,neighbourhood,,neighbourhood,,,,,,node
node/8354653193,日本橋室町三丁目,35.687974,139.772824,neighbourhood,,neighbourhood,,,,,,node
node/8354653194,日本橋室町二丁目,35.686841,139.773767,neighbourhood,,neighbourhood,,,,,,node
node/8354653195,日本橋室町一丁目,35.685403,139.774413,neighbourhood,,neighbourhood,,,,,,node
node/8354653196,日本橋本石町四丁目,35.688585,139.770806,neighbourhood,,neighbourhood,,,,,,node
node/8354653197,日本橋本石町三丁目,35.687534,139.770761,neighbourhood,,neighbourhood,,,,,,node
node/8354653198,日本橋本石町二丁目,35.686261,139.771288,neighbourhood,,neighbourhood,,,,,,node
node/8354653199,日本橋本石町一丁目,35.685166,139.771774,neighbourhood,,neighbourhood,,,,,,node
node/8354653200,霞が関三丁目,35.671825,139.746988,neighbourhood,,neighbourhood,,,,,,node
node/8354653201,永田町二丁目,35.67505,139.741228,neighbourhood,,neighbourhood,,,,,,node
node/8354653202,永田町一丁目,35.675895,139.746306,neighbourhood,,neighbourhood,,,,,,node
node/8354653203,霞が関二丁目,35.675551,139.750413,neighbourhood,,neighbourhood,,,,,,node
node/8354653204,霞が関一丁目,35.673944,139.752558,neighbourhood,,neighbourhood,,,,,,node
node/8354653205,内幸町二丁目,35.670812,139.754182,neighbourhood,,neighbourhood,,,,,,node
node/8354653206,内幸町一丁目,35.670839,139.758119,neighbourhood,,neighbourhood,,,,,,node
node/8354653207,有楽町二丁目,35.673888,139.76281,neighbourhood,,neighbourhood,,,,,,node
node/8354653208,有楽町一丁目,35.674483,139.76055,neighbourhood,,neighbourhood,,,,,,node
node/8354653209,丸の内三丁目,35.676952,139.763476,neighbourhood,,neighbourhood,,,,,,node
node/8354653210,丸の内二丁目,35.680022,139.763447,neighbourhood,,neighbourhood,,,,,,node
node/8354653211,丸の内一丁目,35.68156,139.767201,neighbourhood,,neighbourhood,,,,,,node
node/8354653212,大手町二丁目,35.686301,139.768087,neighbourhood,,neighbourhood,,,,,,node
node/8354653213,大手町一丁目,35.688069,139.763929,neighbourhood,,neighbourhood,,,,,,node
node/8354781328,北青山三丁目,35.666133,139.712593,neighbourhood,,neighbourhood,,,,,,node
node/8354781329,南青山七丁目,35.6579326,139.7165734,neighbourhood,,neighbourhood,,,,,,node
node/8354781330,南青山五丁目,35.6623456,139.7134915,neighbourhood,,neighbourhood,,,,,,node
node/8354781331,南青山四丁目,35.6648299,139.7183382,neighbourhood,,neighbourhood,,,,,,node
node/8354781332,南青山三丁目,35.6665612,139.7155917,neighbourhood,,neighbourhood,,,,,,node
node/8354781333,南青山二丁目,35.6672683,139.7222596,neighbourhood,,neighbourhood,,,,,,node
node/8354781334,南青山一丁目,35.6697677,139.7255534,neighbourhood,,neighbourhood,,,,,,node
node/8354781335,北青山二丁目,35.6718736,139.718129,neighbourhood,,neighbourhood,,,,,,node
node/8354781336,北青山一丁目,35.6754459,139.7211707,neighbourhood,,neighbourhood,,,,,,node
node/8354781337,霞ヶ丘町,35.6771672,139.7164392,neighbourhood,,neighbourhood,,,,,,node
node/8354781338,霞岳町,35.6800454,139.7191925,neighbourhood,,neighbourhood,,,,,,node
node/8354781339,内藤町,35.6856663,139.7117937,neighbourhood,,neighbourhood,,,,,,node
node/8354781340,大京町,35.6838591,139.7171366,neighbourhood,,neighbourhood,,,,,,node
node/8354781341,四谷三丁目,35.6879407,139.7211599,neighbourhood,,neighbourhood,,,,,,node
node/8354781342,四谷四丁目,35.6885463,139.7165425,neighbourhood,,neighbourhood,,,,,,node
node/8354781343,四谷二丁目,35.6867446,139.7259088,neighbourhood,,neighbourhood,,,,,,node
node/8354781344,四谷一丁目,35.6847251,139.7291261,neighbourhood,,neighbourhood,,,,,,node
node/8354781345,左門町,35.6856074,139.7212082,neighbourhood,,neighbourhood,,,,,,node
node/8354781346,須賀町,35.6852197,139.7222261,neighbourhood,,neighbourhood,,,,,,node
node/8354781347,信濃町,35.6821925,139.7200911,neighbourhood,,neighbourhood,,,,,,node
node/8354781348,南元町,35.6807273,139.7240889,neighbourhood,,neighbourhood,,,,,,node
node/8354781349,元赤坂二丁目,35.6767946,139.7272968,neighbourhood,,neighbourhood,,,,,,node
node/8354781350,元赤坂一丁目,35.6774657,139.7344476,neighbourhood,,neighbourhood,,,,,,node
node/8354781351,赤坂九丁目,35.6667323,139.7309312,neighbourhood,,neighbourhood,,,,,,node
node/8354781352,赤坂八丁目,35.6708103,139.7283308,neighbourhood,,neighbourhood,,,,,,node
node/8354781353,赤坂七丁目,35.6719434,139.7310023,neighbourhood,,neighbourhood,,,,,,node
node/8354781354,赤坂六丁目,35.669419,139.7356439,neighbourhood,,neighbourhood,,,,,,node
node/8354781355,赤坂五丁目,35.6722604,139.7346246,neighbourhood,,neighbourhood,,,,,,node
node/8354781356,赤坂四丁目,35.6748892,139.7338629,neighbourhood,,neighbourhood,,,,,,node
node/8354781357,赤坂三丁目,35.6753817,139.737048,neighbourhood,,neighbourhood,,,,,,node
node/8354781358,赤坂二丁目,35.6710968,139.7406945,neighbourhood,,neighbourhood,,,,,,node
node/8354781359,赤坂一丁目,35.6685017,139.7425371,neighbourhood,,neighbourhood,,,,,,node
node/8354781360,半蔵門,35.6838864,139.7458738,neighbourhood,,neighbourhood,,,,,,node
node/8354781362,平河町二丁目,35.680376,139.740097,neighbourhood,,neighbourhood,,,,,,node
node/8354781363,平河町一丁目,35.682577,139.739983,neighbourhood,,neighbourhood,,,,,,node
node/8354781364,麹町六丁目,35.684911,139.731936,neighbourhood,,neighbourhood,,,,,,node
node/8354781365,麹町五丁目,35.683677,139.73419,neighbourhood,,neighbourhood,,,,,,node
node/8354781366,麹町四丁目,35.683639,139.736693,neighbourhood,,neighbourhood,,,,,,node
node/8354781367,麹町三丁目,35.684512,139.738434,neighbourhood,,neighbourhood,,,,,,node
node/8354781368,麹町二丁目,35.684487,139.740505,neighbourhood,,neighbourhood,,,,,,node
node/8354781369,麹町一丁目,35.684447,139.742919,neighbourhood,,neighbourhood,,,,,,node
node/8354781370,六番町,35.687493,139.733399,neighbourhood,,neighbourhood,,,,,,node
node/8354781371,五番町,35.689685,139.733989,neighbourhood,,neighbourhood,,,,,,node
node/8354781372,四番町,35.689056,139.737847,neighbourhood,,neighbourhood,,,,,,node
node/8354781373,三番町,35.690557,139.743591,neighbourhood,,neighbourhood,,,,,,node
node/8354781374,二番町,35.686185,139.736126,neighbourhood,,neighbourhood,,,,,,node
node/8354781375,一番町,35.68735,139.741509,neighbourhood,,neighbourhood,,,,,,node
node/8354781376,九段北四丁目,35.693155,139.739047,neighbourhood,,neighbourhood,,,,,,node
node/8354781377,九段北三丁目,35.694171,139.742681,neighbourhood,,neighbourhood,,,,,,node
node/8354781378,九段北二丁目,35.695258,139.746356,neighbourhood,,neighbourhood,,,,,,node
node/8354781379,九段北一丁目,35.696656,139.750657,neighbourhood,,neighbourhood,,,,,,node
node/8354781380,九段南四丁目,35.691249,139.738677,neighbourhood,,neighbourhood,,,,,,node
node/8354781381,九段南三丁目,35.692431,139.742293,neighbourhood,,neighbourhood,,,,,,node
node/8354781382,九段南二丁目,35.693143,139.745694,neighbourhood,,neighbourhood,,,,,,node
node/8354781383,九段南一丁目,35.693972,139.753265,neighbourhood,,neighbourhood,,,,,,node
node/8354781384,神田錦町三丁目,35.692324,139.760722,neighbourhood,,neighbourhood,,,,,,node
node/8354781385,神田錦町二丁目,35.691985,139.763046,neighbourhood,,neighbourhood,,,,,,node
node/8354781386,神田錦町一丁目,35.691744,139.764155,neighbourhood,,neighbourhood,,,,,,node
node/8354781387,一ツ橋二丁目,35.693171,139.757346,neighbourhood,,neighbourhood,,,,,,node
node/8354781388,一ツ橋一丁目,35.691189,139.757119,neighbourhood,,neighbourhood,,,,,,node
node/8354781389,北の丸公園,35.6918164,139.7510382,neighbourhood,,neighbourhood,,,,,,node
node/8356420698,晴海五丁目,35.649506,139.775054,neighbourhood,,neighbourhood,,,,,,node
node/8356420699,晴海四丁目,35.652307,139.781451,neighbourhood,,neighbourhood,,,,,,node
node/8356420700,晴海三丁目,35.655037,139.778983,neighbourhood,,neighbourhood,,,,,,node
node/8356420701,晴海二丁目,35.655389,139.785823,neighbourhood,,neighbourhood,,,,,,node
node/8356420702,晴海一丁目,35.659523,139.786164,neighbourhood,,neighbourhood,,,,,,node
node/8356420703,勝どき六丁目,35.654772,139.773673,neighbourhood,,neighbourhood,,,,,,node
node/8356420704,勝どき五丁目,35.657186,139.771032,neighbourhood,,neighbourhood,,,,,,node
node/8356420705,勝どき四丁目,35.656655,139.776448,neighbourhood,,neighbourhood,,,,,,node
node/8356420706,勝どき三丁目,35.659457,139.773969,neighbourhood,,neighbourhood,,,,,,node
node/8356420707,勝どき二丁目,35.658107,139.779061,neighbourhood,,neighbourhood,,,,,,node
node/8356420708,勝どき一丁目,35.660709,139.776476,neighbourhood,,neighbourhood,,,,,,node
node/8356420709,月島四丁目,35.660441,139.782678,neighbourhood,,neighbourhood,,,,,,node
node/8356420710,月島三丁目,35.6629,139.779212,neighbourhood,,neighbourhood,,,,,,node
node/8356420711,月島二丁目,35.662422,139.784769,neighbourhood,,neighbourhood,,,,,,node
node/8356420712,月島一丁目,35.665153,139.781855,neighbourhood,,neighbourhood,,,,,,node
node/8356420713,佃三丁目,35.664659,139.787106,neighbourhood,,neighbourhood,,,,,,node
node/8356420714,佃二丁目,35.668796,139.786583,neighbourhood,,neighbourhood,,,,,,node
node/8356420715,佃一丁目,35.668867,139.78335,neighbourhood,,neighbourhood,,,,,,node
node/8356420716,芝公園四丁目,35.6564572,139.7481,neighbourhood,,neighbourhood,,,,,,node
node/8356448417,芝公園三丁目,35.6599441,139.7476602,neighbourhood,,neighbourhood,,,,,,node
node/8356448418,芝公園二丁目,35.6551452,139.7516459,neighbourhood,,neighbourhood,,,,,,node
node/8356448419,芝公園一丁目,35.6588436,139.7514823,neighbourhood,,neighbourhood,,,,,,node
node/8356448420,芝大門二丁目,35.6550232,139.7538078,neighbourhood,,neighbourhood,,,,,,node
node/8356448421,芝大門一丁目,35.6586692,139.7543228,neighbourhood,,neighbourhood,,,,,,node
node/8356448422,芝五丁目,35.647148,139.7469836,neighbourhood,,neighbourhood,,,,,,node
node/8356448423,芝四丁目,35.6483485,139.7511363,neighbourhood,,neighbourhood,,,,,,node
node/8356448424,芝三丁目,35.6523043,139.7476776,neighbourhood,,neighbourhood,,,,,,node
node/8356448425,芝二丁目,35.6513704,139.7518913,neighbourhood,,neighbourhood,,,,,,node
node/8356448426,芝一丁目,35.6510195,139.7549987,neighbourhood,,neighbourhood,,,,,,node
node/8356448427,海岸三丁目,35.640762,139.7572356,neighbourhood,,neighbourhood,,,,,,node
node/8356448428,芝浦四丁目,35.640107,139.7470768,neighbourhood,,neighbourhood,,,,,,node
node/8356448429,芝浦三丁目,35.6441635,139.7482194,neighbourhood,,neighbourhood,,,,,,node
node/8356448430,芝浦二丁目,35.6442496,139.7542798,neighbourhood,,neighbourhood,,,,,,node
node/8356448431,芝浦一丁目,35.6488835,139.7558865,neighbourhood,,neighbourhood,,,,,,node
node/8356448432,海岸二丁目,35.6490797,139.7593009,neighbourhood,,neighbourhood,,,,,,node
node/8356448433,海岸一丁目,35.6553108,139.7617766,neighbourhood,,neighbourhood,,,,,,node
node/8356448434,浜松町二丁目,35.6546884,139.7555701,neighbourhood,,neighbourhood,,,,,,node
node/8356448435,浜松町一丁目,35.6583596,139.7565639,neighbourhood,,neighbourhood,,,,,,node
node/8356448436,東新橋二丁目,35.6612431,139.7571035,neighbourhood,,neighbourhood,,,,,,node
node/8356448437,東新橋一丁目,35.6631149,139.7610578,neighbourhood,,neighbourhood,,,,,,node
node/8356448438,浜離宮庭園,35.6595485,139.7636247,quarter,,quarter,,,,,,node
node/8356448439,明石町,35.667003,139.777695,neighbourhood,,neighbourhood,,,,,,node
node/8356448440,湊三丁目,35.669843,139.779681,neighbourhood,,neighbourhood,,,,,,node
node/8356448441,湊二丁目,35.671035,139.780462,neighbourhood,,neighbourhood,,,,,,node
node/8356448442,湊一丁目,35.672723,139.779987,neighbourhood,,neighbourhood,,,,,,node
node/8356448443,入船三丁目,35.670615,139.776432,neighbourhood,,neighbourhood,,,,,,node
node/8356448444,入船二丁目,35.671909,139.776937,neighbourhood,,neighbourhood,,,,,,node
node/8356448445,入船一丁目,35.673306,139.777667,neighbourhood,,neighbourhood,,,,,,node
node/8356448446,築地七丁目,35.665022,139.77561,neighbourhood,,neighbourhood,,,,,,node
node/8356448447,築地六丁目,35.663691,139.773263,neighbourhood,,neighbourhood,,,,,,node
node/8356448448,築地五丁目,35.662878,139.767886,neighbourhood,,neighbourhood,,,,,,node
node/8356448449,築地四丁目,35.666291,139.769449,neighbourhood,,neighbourhood,,,,,,node
node/8356448450,築地三丁目,35.66777,139.773545,neighbourhood,,neighbourhood,,,,,,node
node/8356448451,築地二丁目,35.668618,139.772366,neighbourhood,,neighbourhood,,,,,,node
node/8356448452,築地一丁目,35.669305,139.770735,neighbourhood,,neighbourhood,,,,,,node
node/8356448453,新富二丁目,35.671332,139.773532,neighbourhood,,neighbourhood,,,,,,node
node/8356448454,新富一丁目,35.672801,139.774142,neighbourhood,,neighbourhood,,,,,,node
node/8356448455,新川二丁目,35.674363,139.782664,neighbourhood,,neighbourhood,,,,,,node
node/8356448456,新川一丁目,35.676561,139.784686,neighbourhood,,neighbourhood,,,,,,node
node/8358996814,神田駿河台四丁目,35.698594,139.765849,neighbourhood,,neighbourhood,,,,,,node
node/8358996815,神田駿河台三丁目,35.696732,139.764721,neighbourhood,,neighbourhood,,,,,,node
node/8358996816,神田駿河台二丁目,35.700068,139.762011,neighbourhood,,neighbourhood,,,,,,node
node/8359075217,神田駿河台一丁目,35.698003,139.762435,neighbourhood,,neighbourhood,,,,,,node
node/8359075218,神田淡路町二丁目,35.697519,139.767838,neighbourhood,,neighbourhood,,,,,,node
node/8359075219,神田淡路町一丁目,35.695759,139.767031,neighbourhood,,neighbourhood,,,,,,node
node/8359075220,神田小川町三丁目,35.695402,139.762406,neighbourhood,,neighbourhood,,,,,,node
node/8359075221,神田小川町二丁目,35.694696,139.764452,neighbourhood,,neighbourhood,,,,,,node
node/8359075222,神田小川町一丁目,35.694724,139.766412,neighbourhood,,neighbourhood,,,,,,node
node/8359075224,神田須田町一丁目,35.696223,139.769841,neighbourhood,,neighbourhood,,,,,,node
node/8359075225,神田須田町二丁目,35.695815,139.773059,neighbourhood,,neighbourhood,,,,,,node
node/8359075227,神田鍛冶町三丁目,35.693613,139.770976,neighbourhood,,neighbourhood,,,,,,node
node/8359075228,鍛冶町二丁目,35.692583,139.772023,neighbourhood,,neighbourhood,,,,,,node
node/8359075229,鍛冶町一丁目,35.690198,139.77154,neighbourhood,,neighbourhood,,,,,,node
node/8359075230,内神田三丁目,35.6907664,139.7696653,neighbourhood,,neighbourhood,,,,,,node
node/8359075231,内神田二丁目,35.690601,139.768027,neighbourhood,,neighbourhood,,,,,,node
node/8359075232,内神田一丁目,35.69058,139.765604,neighbourhood,,neighbourhood,,,,,,node
node/8359075233,岩本町三丁目,35.695636,139.776931,neighbourhood,,neighbourhood,,,,,,node
node/8359075234,岩本町二丁目,35.693526,139.776933,neighbourhood,,neighbourhood,,,,,,node
node/8359075235,岩本町一丁目,35.692346,139.777635,neighbourhood,,neighbourhood,,,,,,node
node/8359075236,東神田三丁目,35.697364,139.781365,neighbourhood,,neighbourhood,,,,,,node
node/8359075237,東神田二丁目,35.696189,139.780146,neighbourhood,,neighbourhood,,,,,,node
node/8359075238,東神田一丁目,35.694328,139.780497,neighbourhood,,neighbourhood,,,,,,node
node/8359075239,日本橋馬喰町二丁目,35.695734,139.783754,neighbourhood,,neighbourhood,,,,,,node
node/8359075240,日本橋馬喰町一丁目,35.693636,139.782375,neighbourhood,,neighbourhood,,,,,,node
node/8359075241,東日本橋三丁目,35.69155,139.783599,neighbourhood,,neighbourhood,,,,,,node
node/8359075242,東日本橋二丁目,35.693487,139.786769,neighbourhood,,neighbourhood,,,,,,node
node/8359075243,東日本橋一丁目,35.691646,139.787026,neighbourhood,,neighbourhood,,,,,,node
node/8359075244,日本橋横山町,35.693024,139.783587,neighbourhood,,neighbourhood,,,,,,node
node/8359075245,日本橋小伝馬町,35.691464,139.778699,neighbourhood,,neighbourhood,,,,,,node
node/8359075246,日本橋大伝馬町,35.6901659,139.7796763,neighbourhood,,neighbourhood,,,,,,node
node/8359075247,日本橋久松町,35.689545,139.784211,neighbourhood,,neighbourhood,,,,,,node
node/8359075248,日本橋富沢町,35.688951,139.782661,neighbourhood,,neighbourhood,,,,,,node
node/8359075249,日本橋堀留町二丁目,35.688584,139.781188,neighbourhood,,neighbourhood,,,,,,node
node/8359075250,日本橋堀留町一丁目,35.687931,139.779894,neighbourhood,,neighbourhood,,,,,,node
node/8359075251,日本橋小舟町,35.686858,139.778267,neighbourhood,,neighbourhood,,,,,,node
node/8359075252,日本橋浜町三丁目,35.685222,139.789481,neighbourhood,,neighbourhood,,,,,,node
node/8359075253,日本橋浜町二丁目,35.688027,139.78818,neighbourhood,,neighbourhood,,,,,,node
node/8359075254,日本橋浜町一丁目,35.690386,139.787383,neighbourhood,,neighbourhood,,,,,,node
node/8359075255,日本橋蛎殻町二丁目,35.683446,139.7865,neighbourhood,,neighbourhood,,,,,,node
node/8359075256,日本橋蛎殻町一丁目,35.682601,139.783679,neighbourhood,,neighbourhood,,,,,,node
node/8359075258,日本橋箱崎町,35.679924,139.786005,neighbourhood,,neighbourhood,,,,,,node
node/8359075259,日本橋人形町三丁目,35.686653,139.781547,neighbourhood,,neighbourhood,,,,,,node
node/8359075260,日本橋人形町二丁目,35.686137,139.784749,neighbourhood,,neighbourhood,,,,,,node
node/8359075261,日本橋人形町一丁目,35.684835,139.782191,neighbourhood,,neighbourhood,,,,,,node
node/8359075262,日本橋小網町,35.682679,139.780719,neighbourhood,,neighbourhood,,,,,,node
node/8359178925,春日二丁目,35.7109816,139.7432801,neighbourhood,,neighbourhood,,,,,,node
node/8359178926,春日一丁目,35.7079826,139.7497188,neighbourhood,,neighbourhood,,,,,,node
node/8359178927,後楽二丁目,35.7055389,139.7455895,neighbourhood,,neighbourhood,,,,,,node
node/8359178928,後楽一丁目,35.7045413,139.7508319,neighbourhood,,neighbourhood,,,,,,node
node/8359178929,本郷七丁目,35.7115097,139.7640619,neighbourhood,,neighbourhood,,,,,,node
node/8359178930,本郷六丁目,35.7136941,139.7586787,neighbourhood,,neighbourhood,,,,,,node
node/8359178931,本郷五丁目,35.7100549,139.7582656,neighbourhood,,neighbourhood,,,,,,node
node/8359178932,本郷四丁目,35.7094625,139.7555137,neighbourhood,,neighbourhood,,,,,,node
node/8359178933,湯島四丁目,35.7089474,139.7659555,neighbourhood,,neighbourhood,,,,,,node
node/8359178934,上野七丁目,35.715837,139.7798051,neighbourhood,,neighbourhood,,,,,,node
node/8359178935,上野五丁目,35.7051436,139.7758287,neighbourhood,,neighbourhood,,,,,,node
node/8359178936,上野六丁目,35.7092137,139.7758327,neighbourhood,,neighbourhood,,,,,,node
node/8359178937,上野四丁目,35.7093732,139.7742663,neighbourhood,,neighbourhood,,,,,,node
node/8359178938,上野三丁目,35.7054109,139.7733376,neighbourhood,,neighbourhood,,,,,,node
node/8359178939,上野二丁目,35.7090563,139.7723553,neighbourhood,,neighbourhood,,,,,,node
node/8359178940,上野一丁目,35.7066556,139.7715506,neighbourhood,,neighbourhood,,,,,,node
node/8359178941,蔵前四丁目,35.7044575,139.7890802,neighbourhood,,neighbourhood,,,,,,node
node/8359178945,三筋二丁目,35.7055816,139.7863809,neighbourhood,,neighbourhood,,,,,,node
node/8359178946,小島二丁目,35.7059353,139.7835119,neighbourhood,,neighbourhood,,,,,,node
node/8359178947,三筋一丁目,35.7036854,139.7860989,neighbourhood,,neighbourhood,,,,,,node
node/8359178948,鳥越二丁目,35.7024319,139.7865991,neighbourhood,,neighbourhood,,,,,,node
node/8359178949,小島一丁目,35.7042816,139.7832893,neighbourhood,,neighbourhood,,,,,,node
node/8359178951,台東四丁目,35.7065865,139.7795315,neighbourhood,,neighbourhood,,,,,,node
node/8359178952,台東三丁目,35.7048147,139.779156,neighbourhood,,neighbourhood,,,,,,node
node/8359178953,台東二丁目,35.7032552,139.7787644,neighbourhood,,neighbourhood,,,,,,node
node/8359178954,台東一丁目,35.7013831,139.7787228,neighbourhood,,neighbourhood,,,,,,node
node/8359178955,浅草橋五丁目,35.7005031,139.7826496,neighbourhood,,neighbourhood,,,,,,node
node/8359178956,浅草橋四丁目,35.6985014,139.7818516,neighbourhood,,neighbourhood,,,,,,node
node/8359178957,浅草橋三丁目,35.7008592,139.7866072,neighbourhood,,neighbourhood,,,,,,node
node/8359178958,浅草橋二丁目,35.6996035,139.7859178,neighbourhood,,neighbourhood,,,,,,node
node/8359178959,浅草橋一丁目,35.6974694,139.7849717,neighbourhood,,neighbourhood,,,,,,node
node/8359178960,柳橋二丁目,35.6986832,139.7896756,neighbourhood,,neighbourhood,,,,,,node
node/8359178961,柳橋一丁目,35.6964887,139.7883157,neighbourhood,,neighbourhood,,,,,,node
node/8359178962,本郷三丁目,35.7044204,139.7632894,neighbourhood,,neighbourhood,,,,,,node
node/8359178963,本郷一丁目,35.7050564,139.756785,neighbourhood,,neighbourhood,,,,,,node
node/8359178964,本郷二丁目,35.7045065,139.7601163,neighbourhood,,neighbourhood,,,,,,node
node/8359178965,湯島三丁目,35.705712,139.7691299,neighbourhood,,neighbourhood,,,,,,node
node/8359178966,湯島二丁目,35.7052252,139.7664973,neighbourhood,,neighbourhood,,,,,,node
node/8359178967,湯島一丁目,35.7015007,139.7648478,neighbourhood,,neighbourhood,,,,,,node
node/8359178968,外神田六丁目,35.704066,139.770971,neighbourhood,,neighbourhood,,,,,,node
node/8359178969,外神田五丁目,35.704021,139.772366,neighbourhood,,neighbourhood,,,,,,node
node/8359178970,外神田四丁目,35.70143,139.77237,neighbourhood,,neighbourhood,,,,,,node
node/8359178971,外神田三丁目,35.701275,139.770496,neighbourhood,,neighbourhood,,,,,,node
node/8359178972,外神田二丁目,35.700675,139.768552,neighbourhood,,neighbourhood,,,,,,node
node/8359178973,外神田一丁目,35.698406,139.770885,neighbourhood,,neighbourhood,,,,,,node
node/8359178974,神田花岡町,35.698802,139.773971,neighbourhood,,neighbourhood,,,,,,node
node/8359178975,神田相生町,35.699524,139.773602,neighbourhood,,neighbourhood,,,,,,node
node/8359178976,神田練塀町,35.70071,139.774037,neighbourhood,,neighbourhood,,,,,,node
node/8359178977,神田佐久間町四丁目,35.697658,139.779837,neighbourhood,,neighbourhood,,,,,,node
node/8359178978,神田佐久間町三丁目,35.697983,139.777936,neighbourhood,,neighbourhood,,,,,,node
node/8359178979,神田佐久間町二丁目,35.698009,139.776368,neighbourhood,,neighbourhood,,,,,,node
node/8359178980,神田佐久間町一丁目,35.6975064,139.7742642,neighbourhood,,neighbourhood,,,,,,node
node/8359178981,神楽河岸,35.7008582,139.7436583,neighbourhood,,neighbourhood,,,,,,node
node/8359178982,富士見二丁目,35.698126,139.743057,neighbourhood,,neighbourhood,,,,,,node
node/8359178983,富士見一丁目,35.697871,139.746978,neighbourhood,,neighbourhood,,,,,,node
node/8359178984,飯田橋四丁目,35.700887,139.746708,neighbourhood,,neighbourhood,,,,,,node
node/8359178985,飯田橋三丁目,35.701392,139.748628,neighbourhood,,neighbourhood,,,,,,node
node/8359178986,飯田橋二丁目,35.699206,139.750564,neighbourhood,,neighbourhood,,,,,,node
node/8359178987,飯田橋一丁目,35.69847,139.749414,neighbourhood,,neighbourhood,,,,,,node
node/8359178988,神田三崎町三丁目,35.700542,139.752263,neighbourhood,,neighbourhood,,,,,,node
node/8359178989,神田三崎町二丁目,35.70076,139.754353,neighbourhood,,neighbourhood,,,,,,node
node/8359178990,神田三崎町一丁目,35.7006,139.756431,neighbourhood,,neighbourhood,,,,,,node
node/8359178991,西神田三丁目,35.698021,139.753319,neighbourhood,,neighbourhood,,,,,,node
node/8359178992,西神田二丁目,35.698802,139.755267,neighbourhood,,neighbourhood,,,,,,node
node/8359178993,西神田一丁目,35.69941,139.75715,neighbourhood,,neighbourhood,,,,,,node
node/8359178994,神田猿楽町二丁目,35.6999845,139.758485,neighbourhood,,neighbourhood,,,,,,node
node/8359178995,神田猿楽町一丁目,35.698165,139.7599554,neighbourhood,,neighbourhood,,,,,,node
node/8359178996,神田神保町三丁目,35.695365,139.754275,neighbourhood,,neighbourhood,,,,,,node
node/8359178997,神田神保町二丁目,35.696637,139.756454,neighbourhood,,neighbourhood,,,,,,node
node/8359178998,神田神保町一丁目,35.696491,139.759073,neighbourhood,,neighbourhood,,,,,,node
node/8365843574,北新宿四丁目,35.7067368,139.6918595,neighbourhood,,neighbourhood,,,,,,node
node/8365843575,北新宿三丁目,35.7038073,139.6915001,neighbourhood,,neighbourhood,,,,,,node
node/8365843576,北新宿二丁目,35.6985362,139.6898881,neighbourhood,,neighbourhood,,,,,,node
node/8365843577,北新宿一丁目,35.6994903,139.6943499,neighbourhood,,neighbourhood,,,,,,node
node/8365843578,歌舞伎町一丁目,35.6953799,139.7017233,neighbourhood,,neighbourhood,,,,,,node
node/8365843579,歌舞伎町二丁目,35.696554,139.7043747,neighbourhood,,neighbourhood,,,,,,node
node/8365843580,西新宿八丁目,35.6957829,139.6930571,neighbourhood,,neighbourhood,,,,,,node
node/8365843581,西新宿七丁目,35.6955705,139.6977013,neighbourhood,,neighbourhood,,,,,,node
node/8365843582,西新宿六丁目,35.6934303,139.6912801,neighbourhood,,neighbourhood,,,,,,node
node/8365843583,西新宿五丁目,35.6928803,139.6858688,neighbourhood,,neighbourhood,,,,,,node
node/8365843584,西新宿四丁目,35.6875376,139.6878764,neighbourhood,,neighbourhood,,,,,,node
node/8365843585,西新宿三丁目,35.6844245,139.6897003,neighbourhood,,neighbourhood,,,,,,node
node/8365843586,西新宿二丁目,35.6895854,139.6924308,neighbourhood,,neighbourhood,,,,,,node
node/8365843587,西新宿一丁目,35.6903697,139.697924,neighbourhood,,neighbourhood,,,,,,node
node/8365843588,原町三丁目,35.7005347,139.7226499,neighbourhood,,neighbourhood,,,,,,node
node/8365843589,原町二丁目,35.7004022,139.7243163,neighbourhood,,neighbourhood,,,,,,node
node/8365843590,原町一丁目,35.7003321,139.7258458,neighbourhood,,neighbourhood,,,,,,node
node/8365843591,若松町,35.7001758,139.7176301,neighbourhood,,neighbourhood,,,,,,node
node/8365843592,余丁町,35.6962861,139.7160422,neighbourhood,,neighbourhood,,,,,,node
node/8365843593,河田町,35.6967217,139.7196954,neighbourhood,,neighbourhood,,,,,,node
node/8365843594,片町,35.6923019,139.7247434,neighbourhood,,neighbourhood,,,,,,node
node/8365843595,住吉町,35.6930186,139.7217393,neighbourhood,,neighbourhood,,,,,,node
node/8365843596,市谷台町,35.6936558,139.7188626,neighbourhood,,neighbourhood,,,,,,node
node/8365843597,富久町,35.693561,139.715184,neighbourhood,,neighbourhood,,,,,,node
node/8365843598,新宿七丁目,35.6995926,139.7112311,neighbourhood,,neighbourhood,,,,,,node
node/8365843599,新宿六丁目,35.6953385,139.7102138,neighbourhood,,neighbourhood,,,,,,node
node/8365843600,新宿五丁目,35.6931613,139.7081096,neighbourhood,,neighbourhood,,,,,,node
node/8365843601,新宿四丁目,35.6887772,139.7041534,neighbourhood,,neighbourhood,,,,,,node
node/8365843602,新宿三丁目,35.691229,139.7038262,neighbourhood,,neighbourhood,,,,,,node
node/8365843603,新宿一丁目,35.6895408,139.7130248,neighbourhood,,neighbourhood,,,,,,node
node/8365843604,若葉二丁目,35.684943,139.7252047,neighbourhood,,neighbourhood,,,,,,node
node/8365843605,若葉一丁目,35.6842545,139.7268328,neighbourhood,,neighbourhood,,,,,,node
node/8365843606,愛住町,35.6899754,139.7194058,neighbourhood,,neighbourhood,,,,,,node
node/8365843607,舟町,35.6900255,139.7213919,neighbourhood,,neighbourhood,,,,,,node
node/8365843608,荒木町,35.6904492,139.7232722,neighbourhood,,neighbourhood,,,,,,node
node/8365843609,四谷三栄町,35.6887162,139.7259504,neighbourhood,,neighbourhood,,,,,,node
node/8365843610,四谷坂町,35.6906289,139.727439,neighbourhood,,neighbourhood,,,,,,node
node/8365843611,四谷本塩町,35.689043,139.7301896,neighbourhood,,neighbourhood,,,,,,node
node/8365843612,四谷見付,35.6882326,139.7308159,neighbourhood,,neighbourhood,,,,,,node
node/8365843613,市谷加賀町二丁目,35.6968938,139.7292924,neighbourhood,,neighbourhood,,,,,,node
node/8365843614,市谷加賀町一丁目,35.6965126,139.7315964,neighbourhood,,neighbourhood,,,,,,node
node/8365843615,市谷薬王寺町,35.6969145,139.7259531,neighbourhood,,neighbourhood,,,,,,node
node/8365843616,市谷仲之町,35.6947438,139.7232722,neighbourhood,,neighbourhood,,,,,,node
node/8365855917,市谷本村町,35.6925023,139.7299737,neighbourhood,,neighbourhood,,,,,,node
node/8365855918,市谷八幡町,35.6922235,139.7344717,neighbourhood,,neighbourhood,,,,,,node
node/8365855919,市谷砂土原町三丁目,35.6973033,139.7372554,neighbourhood,,neighbourhood,,,,,,node
node/8365855920,市谷砂土原町二丁目,35.6956472,139.7356197,neighbourhood,,neighbourhood,,,,,,node
node/8365855921,市谷砂土原町一丁目,35.694807,139.7351549,neighbourhood,,neighbourhood,,,,,,node
node/8365855922,市谷田町三丁目,35.6964211,139.7389698,neighbourhood,,neighbourhood,,,,,,node
node/8365855923,市谷田町二丁目,35.694929,139.7377427,neighbourhood,,neighbourhood,,,,,,node
node/8365855924,市谷田町一丁目,35.6929663,139.7364405,neighbourhood,,neighbourhood,,,,,,node
node/8365855925,市谷長延寺町,35.6942396,139.7343981,neighbourhood,,neighbourhood,,,,,,node
node/8365855926,市谷左内町,35.6946255,139.7330534,neighbourhood,,neighbourhood,,,,,,node
node/8365855927,市谷鷹匠町,35.6959158,139.7339085,neighbourhood,,neighbourhood,,,,,,node
node/8365855928,市谷柳町,35.6992681,139.7266585,neighbourhood,,neighbourhood,,,,,,node
node/8365855929,市谷甲良町,35.6989326,139.7285682,neighbourhood,,neighbourhood,,,,,,node
node/8365855930,市谷船河原町,35.6980189,139.7402841,neighbourhood,,neighbourhood,,,,,,node
node/8365855931,市谷山伏町,35.7001067,139.728469,neighbourhood,,neighbourhood,,,,,,node
node/8365855932,北山伏町,35.7000522,139.7303921,neighbourhood,,neighbourhood,,,,,,node
node/8365855933,南山伏町,35.6992093,139.7314784,neighbourhood,,neighbourhood,,,,,,node
node/8365855934,二十騎町,35.6982923,139.7308065,neighbourhood,,neighbourhood,,,,,,node
node/8365855935,細工町,35.6990644,139.7331615,neighbourhood,,neighbourhood,,,,,,node
node/8365855936,納戸町,35.6974634,139.7333157,neighbourhood,,neighbourhood,,,,,,node
node/8365855937,払方町,35.6972968,139.7349948,neighbourhood,,neighbourhood,,,,,,node
node/8365855938,南町,35.6986892,139.7366517,neighbourhood,,neighbourhood,,,,,,node
node/8365855939,中町,35.6992877,139.7360435,neighbourhood,,neighbourhood,,,,,,node
node/8365855940,北町,35.6998889,139.7351047,neighbourhood,,neighbourhood,,,,,,node
node/8365855941,若宮町,35.6995251,139.7395197,neighbourhood,,neighbourhood,,,,,,node
node/8365855942,弁天町,35.7030972,139.7271949,neighbourhood,,neighbourhood,,,,,,node
node/8365855943,南榎町,35.7020463,139.7291663,neighbourhood,,neighbourhood,,,,,,node
node/8365855944,矢来町,35.7025756,139.7325017,neighbourhood,,neighbourhood,,,,,,node
node/8365855945,横寺町,35.7019549,139.7353911,neighbourhood,,neighbourhood,,,,,,node
node/8365855946,箪笥町,35.7005587,139.7349478,neighbourhood,,neighbourhood,,,,,,node
node/8365855947,岩戸町,35.7014267,139.7377869,neighbourhood,,neighbourhood,,,,,,node
node/8365855948,袋町,35.7005118,139.7382469,neighbourhood,,neighbourhood,,,,,,node
node/8365855949,神楽坂六丁目,35.7030581,139.7373444,neighbourhood,,neighbourhood,,,,,,node
node/8365855950,神楽坂五丁目,35.7021705,139.7390905,neighbourhood,,neighbourhood,,,,,,node
node/8365855951,神楽坂四丁目,35.7021947,139.7398071,neighbourhood,,neighbourhood,,,,,,node
node/8365855952,神楽坂三丁目,35.7014604,139.740964,neighbourhood,,neighbourhood,,,,,,node
node/8365855953,神楽坂一丁目,35.6996427,139.7423105,neighbourhood,,neighbourhood,,,,,,node
node/8365855954,神楽坂二丁目,35.7006703,139.7421382,neighbourhood,,neighbourhood,,,,,,node
node/8365855955,関口二丁目,35.712321,139.7265109,neighbourhood,,neighbourhood,,,,,,node
node/8365855956,関口一丁目,35.7096857,139.7304833,neighbourhood,,neighbourhood,,,,,,node
node/8365855957,榎町,35.7051338,139.7277917,neighbourhood,,neighbourhood,,,,,,node
node/8365855958,東榎町,35.7052267,139.7295753,neighbourhood,,neighbourhood,,,,,,node
node/8365855959,天神町,35.7054013,139.7309034,neighbourhood,,neighbourhood,,,,,,node
node/8365855960,山吹町,35.7078786,139.7299978,neighbourhood,,neighbourhood,,,,,,node
node/8365855961,中里町,35.7059298,139.7319759,neighbourhood,,neighbourhood,,,,,,node
node/8365855962,赤城下町,35.7056685,139.7341284,neighbourhood,,neighbourhood,,,,,,node
node/8365855963,改代町,35.7072388,139.7347279,neighbourhood,,neighbourhood,,,,,,node
node/8365855964,水道町,35.708098,139.7363064,neighbourhood,,neighbourhood,,,,,,node
node/8365855965,築地町,35.7059266,139.7360355,neighbourhood,,neighbourhood,,,,,,node
node/8365855966,西五軒町,35.706935,139.7379734,neighbourhood,,neighbourhood,,,,,,node
node/8365855967,東五軒町,35.7065865,139.7394767,neighbourhood,,neighbourhood,,,,,,node
node/8365855968,新小川町,35.7062925,139.7424138,neighbourhood,,neighbourhood,,,,,,node
node/8365855969,筑土八幡町,35.7042691,139.740563,neighbourhood,,neighbourhood,,,,,,node
node/8365855970,白銀町,35.7038596,139.7383288,neighbourhood,,neighbourhood,,,,,,node
node/8365855971,津久戸町,35.703302,139.7413623,neighbourhood,,neighbourhood,,,,,,node
node/8365855972,下宮比町,35.7032672,139.7438849,neighbourhood,,neighbourhood,,,,,,node
node/8365855973,揚場町,35.7020137,139.7430736,neighbourhood,,neighbourhood,,,,,,node
node/8365855974,水道一丁目,35.709285,139.7421911,neighbourhood,,neighbourhood,,,,,,node
node/8365855975,水道二丁目,35.7097979,139.7374128,neighbourhood,,neighbourhood,,,,,,node
node/8366031408,東中野五丁目,35.7087775,139.6897137,neighbourhood,,neighbourhood,,,,,,node
node/8366031409,東中野四丁目,35.7089539,139.6861652,neighbourhood,,neighbourhood,,,,,,node
node/8366031410,東中野三丁目,35.708367,139.6819293,neighbourhood,,neighbourhood,,,,,,node
node/8366031411,東中野二丁目,35.7034338,139.680727,neighbourhood,,neighbourhood,,,,,,node
node/8366031412,東中野一丁目,35.7037333,139.6853136,neighbourhood,,neighbourhood,,,,,,node
node/8366031413,中落合四丁目,35.7189217,139.6839845,neighbourhood,,neighbourhood,,,,,,node
node/8366031415,中落合二丁目,35.7194759,139.6925005,neighbourhood,,neighbourhood,,,,,,node
node/8366031416,中落合一丁目,35.7171175,139.6905787,neighbourhood,,neighbourhood,,,,,,node
node/8366041717,上落合三丁目,35.7124821,139.6840194,neighbourhood,,neighbourhood,,,,,,node
node/8366041718,上落合二丁目,35.7135024,139.6885134,neighbourhood,,neighbourhood,,,,,,node
node/8366041719,上落合一丁目,35.7134491,139.6928358,neighbourhood,,neighbourhood,,,,,,node
node/8366041720,下落合四丁目,35.7194008,139.6971193,neighbourhood,,neighbourhood,,,,,,node
node/8366041722,下落合二丁目,35.7181214,139.7030711,neighbourhood,,neighbourhood,,,,,,node
node/8366041723,下落合一丁目,35.7157706,139.7000697,neighbourhood,,neighbourhood,,,,,,node
node/8366041724,高田馬場四丁目,35.7107681,139.6998391,neighbourhood,,neighbourhood,,,,,,node
node/8366041725,高田馬場三丁目,35.713485,139.6976075,neighbourhood,,neighbourhood,,,,,,node
node/8366041726,高田馬場二丁目,35.7130015,139.7079192,neighbourhood,,neighbourhood,,,,,,node
node/8366041727,高田馬場一丁目,35.7109696,139.7069778,neighbourhood,,neighbourhood,,,,,,node
node/8366041728,西早稲田三丁目,35.7120738,139.7143672,neighbourhood,,neighbourhood,,,,,,node
node/8366041729,西早稲田二丁目,35.7088897,139.7136256,neighbourhood,,neighbourhood,,,,,,node
node/8366041730,西早稲田一丁目,35.7097881,139.7194621,neighbourhood,,neighbourhood,,,,,,node
node/8366041731,戸塚町一丁目,35.7096095,139.7220934,neighbourhood,,neighbourhood,,,,,,node
node/8366041732,早稲田鶴巻町,35.7080153,139.7249955,neighbourhood,,neighbourhood,,,,,,node
node/8366041733,早稲田町,35.7060202,139.7227156,neighbourhood,,neighbourhood,,,,,,node
node/8366041734,早稲田南町,35.7043627,139.7237053,neighbourhood,,neighbourhood,,,,,,node
node/8366041735,喜久井町,35.7037082,139.722316,neighbourhood,,neighbourhood,,,,,,node
node/8366041736,戸山三丁目,35.7062554,139.7131214,neighbourhood,,neighbourhood,,,,,,node
node/8366041737,戸山二丁目,35.7027281,139.7124629,neighbourhood,,neighbourhood,,,,,,node
node/8366041738,戸山一丁目,35.7036854,139.7183342,neighbourhood,,neighbourhood,,,,,,node
node/8366041739,大久保三丁目,35.7067455,139.7057185,neighbourhood,,neighbourhood,,,,,,node
node/8366041740,大久保二丁目,35.7026693,139.7061959,neighbourhood,,neighbourhood,,,,,,node
node/8366041760,大久保一丁目,35.6997092,139.7053014,neighbourhood,,neighbourhood,,,,,,node
node/8366041761,百人町四丁目,35.708159,139.6985489,neighbourhood,,neighbourhood,,,,,,node
node/8366041762,百人町三丁目,35.7059723,139.6983558,neighbourhood,,neighbourhood,,,,,,node
node/8366041763,百人町二丁目,35.703008,139.6992999,neighbourhood,,neighbourhood,,,,,,node
node/8366041764,百人町一丁目,35.6999128,139.6997412,neighbourhood,,neighbourhood,,,,,,node
node/8366238146,高輪一丁目,35.6405462,139.7355124,neighbourhood,,neighbourhood,,,,,,node
node/8366238152,白金六丁目,35.6431658,139.7236919,neighbourhood,,neighbourhood,,,,,,node
node/8366238153,白金五丁目,35.6456751,139.7259799,neighbourhood,,neighbourhood,,,,,,node
node/8366238154,白金四丁目,35.6423533,139.7274108,neighbourhood,,neighbourhood,,,,,,node
node/8366238155,白金三丁目,35.6455215,139.7301681,neighbourhood,,neighbourhood,,,,,,node
node/8366238156,白金二丁目,35.6414519,139.7314985,neighbourhood,,neighbourhood,,,,,,node
node/8366238167,白金一丁目,35.6451128,139.7338374,neighbourhood,,neighbourhood,,,,,,node
node/8366238168,三田五丁目,35.6462724,139.738259,neighbourhood,,neighbourhood,,,,,,node
node/8366238169,三田四丁目,35.6439423,139.7394338,neighbourhood,,neighbourhood,,,,,,node
node/8366238170,三田三丁目,35.6439554,139.743205,neighbourhood,,neighbourhood,,,,,,node
node/8366238171,三田二丁目,35.6498447,139.7416815,neighbourhood,,neighbourhood,,,,,,node
node/8366238172,三田一丁目,35.6537504,139.7416761,neighbourhood,,neighbourhood,,,,,,node
node/8366238173,麻布十番四丁目,35.6540588,139.7375724,neighbourhood,,neighbourhood,,,,,,node
node/8366238174,麻布十番三丁目,35.6532556,139.7358195,neighbourhood,,neighbourhood,,,,,,node
node/8366238175,麻布十番二丁目,35.6551899,139.7363345,neighbourhood,,neighbourhood,,,,,,node
node/8366238176,麻布十番一丁目,35.6566871,139.7356861,neighbourhood,,neighbourhood,,,,,,node
node/8366238177,西麻布四丁目,35.6576798,139.7217339,neighbourhood,,neighbourhood,,,,,,node
node/8366238178,西麻布三丁目,35.657877,139.7259705,neighbourhood,,neighbourhood,,,,,,node
node/8366238179,西麻布二丁目,35.661876,139.7206181,neighbourhood,,neighbourhood,,,,,,node
node/8366238180,西麻布一丁目,35.6611721,139.7258364,neighbourhood,,neighbourhood,,,,,,node
node/8366238181,南麻布五丁目,35.6533995,139.7250867,neighbourhood,,neighbourhood,,,,,,node
node/8366238182,南麻布四丁目,35.6488508,139.7260416,neighbourhood,,neighbourhood,,,,,,node
node/8366238183,南麻布三丁目,35.6495679,139.7306469,neighbourhood,,neighbourhood,,,,,,node
node/8366238184,南麻布二丁目,35.648343,139.7356358,neighbourhood,,neighbourhood,,,,,,node
node/8366238185,南麻布一丁目,35.6508495,139.7349411,neighbourhood,,neighbourhood,,,,,,node
node/8366238186,元麻布三丁目,35.6568255,139.7304082,neighbourhood,,neighbourhood,,,,,,node
node/8366238187,元麻布二丁目,35.6538463,139.7294466,neighbourhood,,neighbourhood,,,,,,node
node/8366238188,元麻布一丁目,35.6539858,139.7329482,neighbourhood,,neighbourhood,,,,,,node
node/8366238189,東麻布三丁目,35.6566991,139.7383717,neighbourhood,,neighbourhood,,,,,,node
node/8366238190,東麻布二丁目,35.6567525,139.741306,neighbourhood,,neighbourhood,,,,,,node
node/8366238191,東麻布一丁目,35.6567362,139.7442859,neighbourhood,,neighbourhood,,,,,,node
node/8366238192,麻布台三丁目,35.6602764,139.7392286,neighbourhood,,neighbourhood,,,,,,node
node/8366238193,麻布台二丁目,35.6587804,139.7423601,neighbourhood,,neighbourhood,,,,,,node
node/8366238194,麻布台一丁目,35.6614009,139.7407776,neighbourhood,,neighbourhood,,,,,,node
node/8366238195,六本木七丁目,35.6642481,139.7279271,neighbourhood,,neighbourhood,,,,,,node
node/8366238196,六本木六丁目,35.6603048,139.7308226,neighbourhood,,neighbourhood,,,,,,node
node/8366238197,六本木五丁目,35.6601174,139.7352804,neighbourhood,,neighbourhood,,,,,,node
node/8366238198,六本木四丁目,35.6652167,139.7347145,neighbourhood,,neighbourhood,,,,,,node
node/8366238199,六本木三丁目,35.6642677,139.7367758,neighbourhood,,neighbourhood,,,,,,node
node/8366238200,六本木二丁目,35.6671081,139.7375402,neighbourhood,,neighbourhood,,,,,,node
node/8366238201,六本木一丁目,35.6650729,139.7412363,neighbourhood,,neighbourhood,,,,,,node
node/8370128618,元代々木町,35.6718115,139.6858165,neighbourhood,,neighbourhood,,,,,,node
node/8370128619,富ヶ谷一丁目,35.6672759,139.6905009,neighbourhood,,neighbourhood,,,,,,node
node/8370128620,富ヶ谷二丁目,35.664698,139.6859962,neighbourhood,,neighbourhood,,,,,,node
node/8370128621,神南二丁目,35.6664577,139.6973795,neighbourhood,,neighbourhood,,,,,,node
node/8370128622,神南一丁目,35.6635006,139.7001582,neighbourhood,,neighbourhood,,,,,,node
node/8370128623,神山町,35.6638493,139.6914062,neighbourhood,,neighbourhood,,,,,,node
node/8370128624,松濤二丁目,35.6599964,139.6900517,neighbourhood,,neighbourhood,,,,,,node
node/8370128625,松濤一丁目,35.6609095,139.6934527,neighbourhood,,neighbourhood,,,,,,node
node/8370128626,道玄坂二丁目,35.6593786,139.6987796,neighbourhood,,neighbourhood,,,,,,node
node/8370128627,道玄坂一丁目,35.6572608,139.6987943,neighbourhood,,neighbourhood,,,,,,node
node/8370128628,円山町,35.6576798,139.6950285,neighbourhood,,neighbourhood,,,,,,node
node/8370128629,神泉町,35.6563738,139.6925133,quarter,,quarter,,,,,,node
node/8370128630,鉢山町,35.6514728,139.6984228,neighbourhood,,neighbourhood,,,,,,node
node/8370128631,南平台町,35.6538092,139.6961617,neighbourhood,,neighbourhood,,,,,,node
node/8370128632,桜丘町,35.6556312,139.7009039,neighbourhood,,neighbourhood,,,,,,node
node/8370128633,鶯谷町,35.6527467,139.7017702,neighbourhood,,neighbourhood,,,,,,node
node/8370128634,猿楽町,35.6501019,139.7011319,neighbourhood,,neighbourhood,,,,,,node
node/8370128635,代官山町,35.6507318,139.7046751,neighbourhood,,neighbourhood,,,,,,node
node/8370128636,恵比寿西二丁目,35.650139,139.707085,neighbourhood,,neighbourhood,,,,,,node
node/8370128637,恵比寿西一丁目,35.6477196,139.7061852,neighbourhood,,neighbourhood,,,,,,node
node/8370128638,恵比寿南三丁目,35.6453242,139.7054019,neighbourhood,,neighbourhood,,,,,,node
node/8370128639,恵比寿南二丁目,35.6433778,139.7089532,neighbourhood,,neighbourhood,,,,,,node
node/8370128640,恵比寿南一丁目,35.645115,139.7097981,neighbourhood,,neighbourhood,,,,,,node
node/8370128641,恵比寿四丁目,35.6449777,139.7139662,neighbourhood,,neighbourhood,,,,,,node
node/8370128642,恵比寿三丁目,35.6435892,139.7185126,neighbourhood,,neighbourhood,,,,,,node
node/8370128643,恵比寿二丁目,35.6464337,139.7206342,neighbourhood,,neighbourhood,,,,,,node
node/8370128644,恵比寿一丁目,35.6470941,139.7142801,neighbourhood,,neighbourhood,,,,,,node
node/8370128645,広尾五丁目,35.6499406,139.7203794,neighbourhood,,neighbourhood,,,,,,node
node/8370128646,広尾四丁目,35.6537624,139.7200575,neighbourhood,,neighbourhood,,,,,,node
node/8370128647,広尾三丁目,35.6548096,139.7157446,neighbourhood,,neighbourhood,,,,,,node
node/8370128648,広尾二丁目,35.6515458,139.7156936,neighbourhood,,neighbourhood,,,,,,node
node/8370128649,広尾一丁目,35.6496279,139.7133172,neighbourhood,,neighbourhood,,,,,,node
node/8370128654,東三丁目,35.6504267,139.7104928,neighbourhood,,neighbourhood,,,,,,node
node/8370128655,東二丁目,35.6533232,139.7098155,neighbourhood,,neighbourhood,,,,,,node
node/8370128656,東一丁目,35.6553806,139.7084784,neighbourhood,,neighbourhood,,,,,,node
node/8370128657,東四丁目,35.6555876,139.7126198,neighbourhood,,neighbourhood,,,,,,node
node/8370128658,渋谷四丁目,35.6601838,139.7113055,neighbourhood,,neighbourhood,,,,,,node
node/8370128659,渋谷三丁目,35.6559908,139.7055294,neighbourhood,,neighbourhood,,,,,,node
node/8370128660,渋谷二丁目,35.6596837,139.706267,neighbourhood,,neighbourhood,,,,,,node
node/8370128661,神宮前六丁目,35.6661069,139.7041199,neighbourhood,,neighbourhood,,,,,,node
node/8370128662,神宮前五丁目,35.6645074,139.7063528,neighbourhood,,neighbourhood,,,,,,node
node/8370128663,神宮前四丁目,35.6682031,139.7098397,neighbourhood,,neighbourhood,,,,,,node
node/8370128664,神宮前三丁目,35.6704333,139.7107597,neighbourhood,,neighbourhood,,,,,,node
node/8370128665,神宮前二丁目,35.6739926,139.7110976,neighbourhood,,neighbourhood,,,,,,node
node/8370128666,神宮前一丁目,35.671513,139.7057319,neighbourhood,,neighbourhood,,,,,,node
node/8370128667,千駄ヶ谷六丁目,35.6844266,139.7067538,neighbourhood,,neighbourhood,,,,,,node
node/8370128668,千駄ヶ谷五丁目,35.6853003,139.7038168,neighbourhood,,neighbourhood,,,,,,node
node/8370128669,千駄ヶ谷四丁目,35.6804288,139.7064427,neighbourhood,,neighbourhood,,,,,,node
node/8370128670,千駄ヶ谷三丁目,35.6758403,139.7065137,neighbourhood,,neighbourhood,,,,,,node
node/8370128671,千駄ヶ谷二丁目,35.6760963,139.7111781,neighbourhood,,neighbourhood,,,,,,node
node/8370128672,千駄ヶ谷一丁目,35.6792567,139.7113377,neighbourhood,,neighbourhood,,,,,,node
node/8370128673,代々木五丁目,35.673692,139.6901053,neighbourhood,,neighbourhood,,,,,,node
node/8370128674,代々木四丁目,35.6807099,139.6914116,neighbourhood,,neighbourhood,,,,,,node
node/8370128675,代々木三丁目,35.6832066,139.6943057,neighbourhood,,neighbourhood,,,,,,node
node/8370128676,代々木二丁目,35.6855225,139.6990827,neighbourhood,,neighbourhood,,,,,,node
node/8370128677,代々木一丁目,35.6818994,139.7004533,neighbourhood,,neighbourhood,,,,,,node
node/8370128678,代々木神園町,35.674411,139.6983075,neighbourhood,,neighbourhood,,,,,,node
node/8370281458,中央一丁目,35.6989904,139.6857065,neighbourhood,,neighbourhood,,,,,,node
node/8370281466,本町二丁目,35.6947645,139.6803689,neighbourhood,,neighbourhood,,,,,,node
node/8370281467,本町一丁目,35.6944846,139.6843359,neighbourhood,,neighbourhood,,,,,,node
node/8370281489,本町四丁目,35.6868754,139.6804024,neighbourhood,,neighbourhood,,,,,,node
node/8370281490,本町三丁目,35.690081,139.6826408,neighbourhood,,neighbourhood,,,,,,node
node/8370281491,本町二丁目,35.6838308,139.682862,neighbourhood,,neighbourhood,,,,,,node
node/8370281492,本町一丁目,35.6809898,139.6834105,neighbourhood,,neighbourhood,,,,,,node
node/8370281493,初台二丁目,35.6758948,139.686082,neighbourhood,,neighbourhood,,,,,,node
node/8370281494,初台一丁目,35.6798471,139.6866238,neighbourhood,,neighbourhood,,,,,,node
node/8370281495,西原三丁目,35.670867,139.6801396,neighbourhood,,neighbourhood,,,,,,node
node/8370281497,西原一丁目,35.675435,139.6815893,neighbourhood,,neighbourhood,,,,,,node
node/8370281500,上原二丁目,35.6654553,139.6820158,neighbourhood,,neighbourhood,,,,,,node
node/8370281501,上原一丁目,35.6690181,139.6843225,neighbourhood,,neighbourhood,,,,,,node
node/8373681378,松が谷四丁目,35.7179352,139.7880287,neighbourhood,,neighbourhood,,,,,,node
node/8373681379,松が谷三丁目,35.716008,139.7878048,neighbourhood,,neighbourhood,,,,,,node
node/8373681380,松が谷二丁目,35.7136401,139.787114,neighbourhood,,neighbourhood,,,,,,node
node/8373681381,松が谷一丁目,35.7115511,139.7869652,neighbourhood,,neighbourhood,,,,,,node
node/8373681384,下谷一丁目,35.7188586,139.7820783,neighbourhood,,neighbourhood,,,,,,node
node/8373681399,根津二丁目,35.7185548,139.7660655,neighbourhood,,neighbourhood,,,,,,node
node/8373681400,根津一丁目,35.7187911,139.7632746,neighbourhood,,neighbourhood,,,,,,node
node/8373681401,池之端四丁目,35.7184448,139.7686659,neighbourhood,,neighbourhood,,,,,,node
node/8373681402,池之端三丁目,35.7159013,139.7694652,neighbourhood,,neighbourhood,,,,,,node
node/8373681403,池之端二丁目,35.714919,139.7671531,neighbourhood,,neighbourhood,,,,,,node
node/8373681404,池之端一丁目,35.7098251,139.768175,neighbourhood,,neighbourhood,,,,,,node
node/8373681405,弥生二丁目,35.716302,139.7645527,neighbourhood,,neighbourhood,,,,,,node
node/8373681406,弥生一丁目,35.7179243,139.7609049,neighbourhood,,neighbourhood,,,,,,node
node/8373681407,上野公園,35.7152915,139.7738278,quarter,,quarter,,,,,,node
node/8373718026,寿二丁目,35.7092522,139.7895647,neighbourhood,,neighbourhood,,,,,,node
node/8373718027,寿一丁目,35.7073836,139.7896682,neighbourhood,,neighbourhood,,,,,,node
node/8373718028,元浅草四丁目,35.7098218,139.787149,neighbourhood,,neighbourhood,,,,,,node
node/8373718029,元浅草三丁目,35.7076722,139.7867239,neighbourhood,,neighbourhood,,,,,,node
node/8373718030,元浅草二丁目,35.7101317,139.7842944,neighbourhood,,neighbourhood,,,,,,node
node/8373718031,元浅草一丁目,35.7080686,139.783701,neighbourhood,,neighbourhood,,,,,,node
node/8373718032,北上野二丁目,35.7176369,139.7847685,neighbourhood,,neighbourhood,,,,,,node
node/8373718033,北上野一丁目,35.7175329,139.7825639,neighbourhood,,neighbourhood,,,,,,node
node/8373718034,東上野一丁目,35.7079929,139.7795456,neighbourhood,,neighbourhood,,,,,,node
node/8373718035,東上野二丁目,35.7094288,139.7791003,neighbourhood,,neighbourhood,,,,,,node
node/8373718036,東上野三丁目,35.7107997,139.78054,neighbourhood,,neighbourhood,,,,,,node
node/8373718037,東上野五丁目,35.7134676,139.7823733,neighbourhood,,neighbourhood,,,,,,node
node/8373718038,東上野六丁目,35.7132857,139.784566,neighbourhood,,neighbourhood,,,,,,node
node/8373718039,東上野四丁目,35.7139304,139.7809356,neighbourhood,,neighbourhood,,,,,,node
node/8388908542,目白台三丁目,35.7168988,139.7256544,neighbourhood,,neighbourhood,,,,,,node
node/8388908543,目白台二丁目,35.7176391,139.7215435,neighbourhood,,neighbourhood,,,,,,node
node/8388908544,目白台一丁目,35.7145043,139.7209902,neighbourhood,,neighbourhood,,,,,,node
node/8388908545,音羽二丁目,35.7186212,139.7279151,neighbourhood,,neighbourhood,,,,,,node
node/8388908546,音羽一丁目,35.7138672,139.7305745,neighbourhood,,neighbourhood,,,,,,node
node/8388908547,小日向四丁目,35.7154668,139.738538,neighbourhood,,neighbourhood,,,,,,node
node/8388908548,小日向三丁目,35.7152294,139.7346018,neighbourhood,,neighbourhood,,,,,,node
node/8388908549,小日向二丁目,35.7125627,139.7340533,neighbourhood,,neighbourhood,,,,,,node
node/8388908550,小日向一丁目,35.7127304,139.7386372,neighbourhood,,neighbourhood,,,,,,node
node/8388908555,大塚二丁目,35.7192288,139.7317895,neighbourhood,,neighbourhood,,,,,,node
node/8388908556,大塚一丁目,35.7170228,139.7333345,neighbourhood,,neighbourhood,,,,,,node
node/8388908570,白山二丁目,35.7173756,139.7486365,neighbourhood,,neighbourhood,,,,,,node
node/8388908571,白山一丁目,35.7187802,139.7533196,neighbourhood,,neighbourhood,,,,,,node
node/8388908578,向丘一丁目,35.7195837,139.7558248,neighbourhood,,neighbourhood,,,,,,node
node/8388908579,西片二丁目,35.7161452,139.7561721,neighbourhood,,neighbourhood,,,,,,node
node/8388908580,西片一丁目,35.7129594,139.754015,neighbourhood,,neighbourhood,,,,,,node
node/8388908581,小石川五丁目,35.7181095,139.740382,neighbourhood,,neighbourhood,,,,,,node
node/8388908582,小石川四丁目,35.7142026,139.7431192,neighbourhood,,neighbourhood,,,,,,node
node/8388908583,小石川三丁目,35.7132248,139.7484098,neighbourhood,,neighbourhood,,,,,,node
node/8388908584,小石川二丁目,35.7105852,139.7494653,neighbourhood,,neighbourhood,,,,,,node
node/8388908585,小石川一丁目,35.7119279,139.7524975,neighbourhood,,neighbourhood,,,,,,node
node/8388908586,関口三丁目,35.7140023,139.7285011,neighbourhood,,neighbourhood,,,,,,node
node/8389010683,中井二丁目,35.716425,139.6840999,neighbourhood,,neighbourhood,,,,,,node
node/8389010684,中井一丁目,35.7150367,139.6845679,neighbourhood,,neighbourhood,,,,,,node
node/8389057485,目白一丁目,35.7183838,139.7105222,neighbourhood,,neighbourhood,,,,,,node
node/8389057486,高田三丁目,35.7153067,139.7085871,neighbourhood,,neighbourhood,,,,,,node
node/8389057487,高田二丁目,35.7160319,139.7140038,neighbourhood,,neighbourhood,,,,,,node
node/8389057488,高田一丁目,35.7151706,139.7164339,neighbourhood,,neighbourhood,,,,,,node
node/8389057490,雑司が谷二丁目,35.719109,139.716289,neighbourhood,,neighbourhood,,,,,,node
node/8389506046,馬場下町,35.7060072,139.7195412,neighbourhood,,neighbourhood,,,,,,node
node/8389506049,赤城元町,35.7046001,139.7367194,neighbourhood,,neighbourhood,,,,,,node
node/8389506054,若葉三丁目,35.6826772,139.7243518,neighbourhood,,neighbourhood,,,,,,node
node/8392994514,有明一丁目,35.640906,139.789578,neighbourhood,,neighbourhood,,,,,,node
node/8393007017,豊洲六丁目,35.646684,139.786093,neighbourhood,,neighbourhood,,,,,,node
node/8393007072,永代一丁目,35.674691,139.789097,neighbourhood,,neighbourhood,,,,,,node
node/8396129258,三田一丁目,35.6405615,139.7145804,neighbourhood,,neighbourhood,,,,,,node
node/8396131625,中目黒二丁目,35.6409539,139.7060537,neighbourhood,,neighbourhood,,,,,,node
node/8396131626,中目黒一丁目,35.6436415,139.7028056,neighbourhood,,neighbourhood,,,,,,node
node/8396131627,青葉台四丁目,35.6547883,139.6911212,neighbourhood,,neighbourhood,,,,,,node
node/8396131628,青葉台三丁目,35.6512658,139.6916234,neighbourhood,,neighbourhood,,,,,,node
node/8396131629,青葉台二丁目,35.6505956,139.6946986,neighbourhood,,neighbourhood,,,,,,node
node/8396131630,青葉台一丁目,35.6482209,139.6970724,neighbourhood,,neighbourhood,,,,,,node
node/8396131631,上目黒五丁目,35.6429707,139.6882465,neighbourhood,,neighbourhood,,,,,,node
node/8396131632,上目黒四丁目,35.6409495,139.6908295,neighbourhood,,neighbourhood,,,,,,node
node/8396131633,上目黒三丁目,35.6441592,139.6950848,neighbourhood,,neighbourhood,,,,,,node
node/8396131634,上目黒二丁目,35.641125,139.6970053,neighbourhood,,neighbourhood,,,,,,node
node/8396131635,上目黒一丁目,35.6450659,139.7003219,neighbourhood,,neighbourhood,,,,,,node
node/8396131636,東山三丁目,35.6489925,139.6866667,neighbourhood,,neighbourhood,,,,,,node
node/8396131637,東山二丁目,35.6464511,139.6873292,neighbourhood,,neighbourhood,,,,,,node
node/8396131638,東山一丁目,35.6464925,139.6932515,neighbourhood,,neighbourhood,,,,,,node
node/8396131639,大橋二丁目,35.6534038,139.6865514,neighbourhood,,neighbourhood,,,,,,node
node/8396131640,大橋一丁目,35.6512505,139.6883243,neighbourhood,,neighbourhood,,,,,,node
node/8396131642,駒場三丁目,35.6601599,139.6854436,neighbourhood,,neighbourhood,,,,,,node
node/8396131643,駒場二丁目,35.6577038,139.6811682,neighbourhood,,neighbourhood,,,,,,node
node/8396131644,駒場一丁目,35.6566832,139.6868033,neighbourhood,,neighbourhood,,,,,,node
node/8410396163,池尻三丁目,35.6503815,139.6802626,neighbourhood,,neighbourhood,,,,,,node
node/8410396164,池尻二丁目,35.6474955,139.6818429,neighbourhood,,neighbourhood,,,,,,node
node/8410396165,池尻一丁目,35.6439401,139.6823108,neighbourhood,,neighbourhood,,,,,,node
node/9254835245,大久保,35.7046389,139.7052761,quarter,,quarter,,,,,,node
node/10925668703,鳥越一丁目,35.7024647,139.7831011,neighbourhood,,neighbourhood,,,,,,node
node/11738013406,千駄ヶ谷,35.6818379,139.7074785,quarter,,quarter,,,,,,node
node/11738019824,神宮前,35.6692039,139.7072847,quarter,,quarter,,,,,,node
node/11738023792,西新宿,35.690719,139.6941527,quarter,,quarter,,,,,,node
node/11738023796,代々木,35.682304,139.6917362,quarter,,quarter,,,,,,node
node/11738036615,新宿,35.6942679,139.7086541,quarter,,quarter,,,,,,node
node/11738047384,東,35.6531376,139.7114585,quarter,,quarter,,,,,,node
node/12308772313,池尻,35.6490094,139.680715,quarter,,quarter,,,,,,node
node/12423660551,三田,35.6400951,139.7116584,quarter,,quarter,,,,,,node
node/12438138100,上目黒,35.6428011,139.6930849,quarter,,quarter,,,,,,node
node/12438179322,青葉台,35.6513684,139.6934004,quarter,,quarter,,,,,,node
node/12438179407,東山,35.6472236,139.6898194,quarter,,quarter,,,,,,node
node/12440002904,大橋,35.6522218,139.6856436,quarter,,quarter,,,,,,node
node/12440002910,駒場,35.6593621,139.6827141,quarter,,quarter,,,,,,node
node/12566990190,高田,35.7157717,139.712324,quarter,,quarter,,,,,,node
node/12569833461,雑司が谷,35.7195684,139.7177949,quarter,,quarter,,,,,,node
node/12577822744,柳橋,35.6980391,139.7882835,quarter,,quarter,,,,,,node
node/12577822745,浅草橋,35.6997758,139.7835525,quarter,,quarter,,,,,,node
node/12577822759,鳥越,35.7025484,139.784445,quarter,,quarter,,,,,,node
node/12578117845,三筋,35.7049215,139.7864058,quarter,,quarter,,,,,,node
node/12578391446,台東,35.7042507,139.7783633,quarter,,quarter,,,,,,node
node/12578391452,小島,35.7049576,139.7831804,quarter,,quarter,,,,,,node
node/12578752807,元浅草,35.7089213,139.7848462,quarter,,quarter,,,,,,node
node/12578752867,東上野,35.7123827,139.7810384,quarter,,quarter,,,,,,node
node/12578752919,松が谷,35.7152237,139.7868927,quarter,,quarter,,,,,,node
node/12578832398,北上野,35.7174765,139.7835597,quarter,,quarter,,,,,,node
node/12591766679,池之端,35.7164064,139.7687671,quarter,,quarter,,,,,,node
node/12591842392,銀座,35.6720135,139.7647202,quarter,,quarter,,,,,,node
node/12591849322,八重洲,35.6799658,139.7696846,quarter,,quarter,,,,,,node
node/12598304963,築地,35.6650914,139.7708281,quarter,,quarter,,,,,,node
node/12598508803,晴海,35.6527208,139.7785896,quarter,,quarter,,,,,,node
node/12598508804,勝どき,35.658244,139.7749921,quarter,,quarter,,,,,,node
node/12598508805,月島,35.6632293,139.7822568,quarter,,quarter,,,,,,node
node/12598508806,佃,35.6668345,139.7856803,quarter,,quarter,,,,,,node
node/12598508807,新川,35.6760564,139.7831285,quarter,,quarter,,,,,,node
node/12598508808,八丁堀,35.6754906,139.7765368,quarter,,quarter,,,,,,node
node/12598508809,京橋,35.6758835,139.7717019,quarter,,quarter,,,,,,node
node/12598508810,日本橋,35.6812562,139.7730907,quarter,,quarter,,,,,,node
node/12608796377,外神田,35.7011217,139.7711004,quarter,,quarter,,,,,,node
node/12612617063,大手町,35.6868132,139.76608,quarter,,quarter,,,,,,node
node/12612617064,丸の内,35.6790703,139.7652988,quarter,,quarter,,,,,,node
node/12612617094,有楽町,35.6736817,139.7611853,quarter,,quarter,,,,,,node
node/12612625318,内幸町,35.6699956,139.7570758,quarter,,quarter,,,,,,node
node/12612625335,霞が関,35.6734887,139.7501817,quarter,,quarter,,,,,,node
node/12612625372,永田町,35.6768717,139.7431557,quarter,,quarter,,,,,,node
node/12614245800,麹町,35.6838064,139.7379229,quarter,,quarter,,,,,,node
node/12615166339,西新橋,35.6675521,139.752114,quarter,,quarter,,,,,,node
node/12615166430,東新橋,35.6631257,139.7589757,quarter,,quarter,,,,,,node
node/12615166431,浜松町,35.656521,139.7558718,quarter,,quarter,,,,,,node
node/12615166432,芝大門,35.6567524,139.7537021,quarter,,quarter,,,,,,node
node/12615524122,芝,35.6505871,139.7495267,quarter,,quarter,,,,,,node
node/12615524123,芝公園,35.6582563,139.7466728,quarter,,quarter,,,,,,node
node/12615672780,虎ノ門,35.6670276,139.7460078,quarter,,quarter,,,,,,node
node/12615717403,東麻布,35.656266,139.7401686,quarter,,quarter,,,,,,node
node/12625802170,元赤坂,35.6785313,139.7284293,quarter,,quarter,,,,,,node
node/12625835220,北青山,35.6705999,139.7159289,quarter,,quarter,,,,,,node
node/12628310502,南青山,35.6667236,139.7188607,quarter,,quarter,,,,,,node
node/12628511779,西麻布,35.6600266,139.7238075,quarter,,quarter,,,,,,node
node/12629472076,元麻布,35.6555514,139.729634,quarter,,quarter,,,,,,node
node/12629472376,三田,35.6467874,139.7414307,quarter,,quarter,,,,,,node
node/12629472377,南麻布,35.6515204,139.728716,quarter,,quarter,,,,,,node
node/12630144450,白金,35.6438973,139.7277018,quarter,,quarter,,,,,,node
node/12638693634,湯島,35.7073938,139.7678135,quarter,,quarter,,,,,,node
node/12638693920,本郷,35.7077379,139.760167,quarter,,quarter,,,,,,node
node/12643594450,弥生,35.7165889,139.7620787,quarter,,quarter,,,,,,node
node/12643594496,根津,35.7198456,139.763863,quarter,,quarter,,,,,,node
node/12644464805,西片,35.7149455,139.7546856,quarter,,quarter,,,,,,node
node/12644551159,後楽,35.7050451,139.7478428,quarter,,quarter,,,,,,node
node/12644551334,水道,35.7096282,139.7397745,quarter,,quarter,,,,,,node
node/12644551427,関口,35.7115354,139.7284224,quarter,,quarter,,,,,,node
node/12644568737,目白台,35.7160076,139.72296,quarter,,quarter,,,,,,node
node/12645449043,春日,35.7094398,139.7464096,quarter,,quarter,,,,,,node
node/12646760436,小石川,35.7131491,139.7460916,quarter,,quarter,,,,,,node
node/12646760591,白山,35.7198179,139.7493913,quarter,,quarter,,,,,,node
node/12646869562,小日向,35.7139362,139.7366541,quarter,,quarter,,,,,,node
node/12646869634,音羽,35.71617,139.728532,quarter,,quarter,,,,,,node
node/12669980529,高田馬場,35.7117438,139.7024917,quarter,,quarter,,,,,,node
node/12909115506,神南,35.6656122,139.6989727,quarter,,quarter,,,,,,node
node/12909115507,富ヶ谷,35.6658083,139.6876001,quarter,,quarter,,,,,,node
node/13045231855,猿楽町,35.6483517,139.7065258,quarter,,quarter,,,,,,node
node/13090023076,上野,35.7106288,139.775362,quarter,,quarter,,,,,,node
node/13205616891,西早稲田,35.7101584,139.7153878,quarter,,quarter,,,,,,node
node/13227593934,海岸,35.6452654,139.7573804,quarter,,quarter,,,,,,node
node/13238536440,日本橋茅場町三丁目,35.6778322,139.7785663,neighbourhood,,neighbourhood,,,,,,node
node/13284984212,神田三崎町,35.700896,139.7540135,quarter,,quarter,,,,,,node
node/13284984213,飯田橋,35.700781,139.7486156,quarter,,quarter,,,,,,node
node/13383312634,神田須田町,35.6959746,139.7710705,quarter,,quarter,,,,,,node
node/13383312635,神田佐久間町,35.697996,139.7769499,quarter,,quarter,,,,,,node
node/13383422981,神田駿河台,35.6982923,139.7638607,quarter,,quarter,,,,,,node
node/13383422982,神田須田町,35.6968808,139.7674012,quarter,,quarter,,,,,,node
node/13392759492,日本橋本石町,35.6868492,139.7734674,quarter,,quarter,,,,,,node
node/13392759493,日本橋本石町,35.6869168,139.7710791,quarter,,quarter,,,,,,node
node/13452285331,新富,35.6724176,139.7741405,quarter,,quarter,,,,,,node
node/13524249728,道玄坂,35.6579413,139.698329,quarter,,quarter,,,,,,node
node/13597820348,渋谷,35.6598417,139.7073412,quarter,,quarter,,,,,,node
node/13605115969,中井,35.7160472,139.6839845,quarter,,quarter,,,,,,node
node/13627090979,初台,35.6779363,139.6858835,quarter,,quarter,,,,,,node
node/13627090980,百人町,35.7029971,139.6986293,quarter,,quarter,,,,,,node
node/13627090981,北新宿,35.7019516,139.6916985,quarter,,quarter,,,,,,node
node/13674307487,市谷田町,35.6944236,139.7379398,quarter,,quarter,,,,,,node
node/13674307488,西神田,35.6986059,139.7555137,quarter,,quarter,,,,,,node
node/13674307489,富士見,35.6977956,139.7452462,quarter,,quarter,,,,,,node
node/13674307490,一ツ橋,35.6921756,139.7578633,quarter,,quarter,,,,,,node
node/13674307491,神田神保町,35.6956696,139.7569835,quarter,,quarter,,,,,,node
node/13674307492,九段北,35.6949116,139.7455573,quarter,,quarter,,,,,,node
node/13674307493,九段南,35.6935523,139.746995,quarter,,quarter,,,,,,node
node/13714725585,戸塚町,35.7074751,139.720366,quarter,,quarter,,,,,,node
node/13714725586,戸山,35.7037638,139.7151089,quarter,,quarter,,,,,,node
node/13714725587,下落合,35.7193747,139.7001314,quarter,,quarter,,,,,,node
node/13716081805,恵比寿南,35.6443063,139.7083068,quarter,,quarter,,,,,,node
node/13744800252,平河町,35.681248,139.7400749,quarter,,quarter,,,,,,node
node/14004708188,日本橋本町,35.6882105,139.7757945,quarter,,quarter,,,,,,node
node/14053408521,入船,35.6717296,139.7763939,quarter,,quarter,,,,,,node
node/14053408522,湊,35.67133,139.7799969,quarter,,quarter,,,,,,node
node/14053408523,日本橋茅場町,35.679139,139.7793102,quarter,,quarter,,,,,,node
way/54964646,紀尾井町通り,35.6799266,139.7358877,11,administrative,,,,,,,way
way/131156050,新月島運河,35.6550785,139.7760405,10,administrative,,,,,,,way
way/174022627,豊洲運河,35.6643777,139.7912746,9,administrative,,,,,,,way
way/254327778,柳原通り,35.6962359,139.7822171,7,administrative,,,,,,,way
way/254327783,左衛門橋通り,35.6963201,139.7827029,7,administrative,,,,,,,way
way/254328040,日本橋川,35.6878617,139.7687859,7,administrative,,,,,,,way
way/263941937,日本橋川,35.6890887,139.7654873,9,administrative,,,,,,,way
way/264114583,神田平成通り,35.6941895,139.7749918,9,administrative,,,,,,,way
way/264448293,神田川,35.6968347,139.7791777,9,administrative,,,,,,,way
way/264451390,靖国通り,35.6951331,139.7822208,7,administrative,,,,,,,way
way/264451391,靖国通り,35.6952452,139.7808033,10,administrative,,,,,,,way
way/265033770,渋谷川,35.6470614,139.7234999,7,administrative,,,,,,,way
way/285695018,朝潮運河,35.6569521,139.7791917,10,administrative,,,,,,,way
way/285735290,東雲運河,35.6430796,139.7876564,10,administrative,,,,,,,way
way/286062806,神田川,35.7079944,139.6907274,unknown,administrative,,,,,,,way
way/291556053,神田川,35.7128189,139.7177486,7,administrative,,,,,,,way
way/291556055,神田川,35.7138719,139.7084903,7,administrative,,,,,,,way
way/341182776,錦華通り,35.6961177,139.7604812,9,administrative,,,,,,,way
way/366094553,ソフィア通り,35.6831629,139.7315178,11,administrative,,,,,,,way
way/366094554,ソフィア通り,35.6821252,139.7321687,11,administrative,,,,,,,way
way/366094556,紀尾井町通り,35.6820222,139.7349677,11,administrative,,,,,,,way
way/366094557,紀尾井町通り,35.6813071,139.7353036,11,administrative,,,,,,,way
way/682261293,神田平成通り,35.6950648,139.7781895,10,administrative,,,,,,,way
way/1195527203,隅田川,35.671687,139.7843755,10,administrative,,,,,,,way
way/1196926580,日本橋川,35.6850935,139.7709194,7,administrative,,,,,,,way
way/1196926584,日本橋川,35.6857211,139.7706174,7,administrative,,,,,,,way
way/1196926587,日本橋川,35.6866251,139.770039,7,administrative,,,,,,,way
way/1243075821,神田川,35.7104628,139.6938433,unknown,administrative,,,,,,,way
way/1243075829,神田川,35.7038541,139.6877319,unknown,administrative,,,,,,,way
way/1321391591,神田川,35.7059829,139.7438528,7,administrative,,,,,,,way
relation/382313,日本,32.9628929,138.4598582,2,administrative,country,,,,,,relation
relation/1543056,中野区,35.7060589,139.6592789,7,administrative,city,,,,,,relation
relation/1543125,東京都,28.0565028,145.0296133,4,administrative,province,Japan,,,,Japan,relation
relation/1758858,新宿区,35.7015623,139.7092071,7,administrative,city,,,,,,relation
relation/1758878,文京区,35.7176992,139.7448612,7,administrative,city,,,,,,relation
relation/1758888,台東区,35.7132135,139.7860339,7,administrative,city,,,,,,relation
relation/1758891,墨田区,35.7151025,139.8157825,7,administrative,city,,,,,,relation
relation/1758897,中央区,35.6684074,139.7758539,7,administrative,city,,,,,,relation
relation/1758936,目黒区,35.632355,139.689689,7,administrative,city,,,,,,relation
relation/1759474,世田谷区,35.6364912,139.6345003,7,administrative,city,,,,,,relation
relation/1759477,渋谷区,35.6668209,139.6926519,7,administrative,city,,,,,,relation
relation/1759506,豊島区,35.7291424,139.7150585,7,administrative,city,,,,,,relation
relation/1761717,港区,35.6528439,139.745837,7,administrative,city,,,,,,relation
relation/1761742,千代田区,35.6869322,139.7564915,7,administrative,city,,,,,,relation
relation/3406698,神田駿河台,35.6986373,139.7620893,9,administrative,quarter,,,,,,relation
relation/3406718,神田駿河台一丁目,35.6980229,139.7619807,10,administrative,neighbourhood,,,,,,relation
relation/3406724,神田駿河台二丁目,35.7000236,139.76083,10,administrative,neighbourhood,,,,,,relation
relation/3406736,神田駿河台三丁目,35.696738,139.7647495,10,administrative,,,,,,,relation
relation/3406778,神田駿河台四丁目,35.6985661,139.7657886,10,administrative,neighbourhood,,,,,,relation
relation/3407418,神田三崎町,35.7006904,139.7539463,9,administrative,quarter,,,,,,relation
relation/3407431,神田三崎町一丁目,35.7009398,139.7562072,10,administrative,neighbourhood,,,,,,relation
relation/3407440,神田三崎町二丁目,35.70086,139.753964,10,administrative,neighbourhood,,,,,,relation
relation/3407465,神田三崎町三丁目,35.7006904,139.7521709,10,administrative,,,,,,,relation
relation/3518459,一ツ橋一丁目,35.6914562,139.7572688,10,administrative,neighbourhood,,,,,,relation
relation/3518460,一ツ橋二丁目,35.6930708,139.7573529,10,administrative,neighbourhood,,,,,,relation
relation/3518461,一ツ橋,35.6925471,139.7572824,9,administrative,quarter,,,,,,relation
relation/3544394,丸の内,35.6804789,139.7653906,9,administrative,quarter,,,,,,relation
relation/3544421,丸の内一丁目,35.6814673,139.765473,10,administrative,neighbourhood,,,,,,relation
relation/3544422,丸の内二丁目,35.6799417,139.7632671,10,administrative,neighbourhood,,,,,,relation
relation/3544432,丸の内三丁目,35.6768944,139.7636422,10,administrative,,,,,,,relation
relation/3545196,大手町,35.6874724,139.7649845,9,administrative,quarter,,,,,,relation
relation/3545227,大手町一丁目,35.6880087,139.7627612,10,administrative,neighbourhood,,,,,,relation
relation/3545228,大手町二丁目,35.6862783,139.7684409,10,administrative,neighbourhood,,,,,,relation
relation/3545322,神田神保町一丁目,35.696477,139.7590641,10,administrative,neighbourhood,,,,,,relation
relation/3545323,神田神保町二丁目,35.6966953,139.7563803,10,administrative,neighbourhood,,,,,,relation
relation/3545324,神田神保町三丁目,35.6952966,139.7544191,10,administrative,,,,,,,relation
relation/3545325,神田神保町,35.6960667,139.7569419,9,administrative,quarter,,,,,,relation
relation/3545343,西神田,35.6984882,139.7551596,9,administrative,quarter,,,,,,relation
relation/3545351,西神田一丁目,35.6993272,139.757114,10,administrative,neighbourhood,,,,,,relation
relation/3545352,西神田二丁目,35.6986949,139.7551953,10,administrative,neighbourhood,,,,,,relation
relation/3545353,西神田三丁目,35.6980165,139.753309,10,administrative,,,,,,,relation
relation/3545394,神田猿楽町一丁目,35.6981673,139.7598484,10,administrative,neighbourhood,,,,,,relation
relation/3545395,神田猿楽町二丁目,35.6998781,139.7583431,10,administrative,neighbourhood,,,,,,relation
relation/3545396,神田猿楽町,35.6990049,139.7588705,9,administrative,quarter,,,,,,relation
relation/3546176,神田小川町,35.6954139,139.7637311,9,administrative,quarter,,,,,,relation
relation/3546201,神田小川町一丁目,35.6947549,139.7662892,10,administrative,neighbourhood,,,,,,relation
relation/3546202,神田小川町二丁目,35.6947278,139.7640657,10,administrative,neighbourhood,,,,,,relation
relation/3546203,神田小川町三丁目,35.6954139,139.7617373,10,administrative,,,,,,,relation
relation/3546238,神田錦町一丁目,35.6916343,139.7642179,10,administrative,neighbourhood,,,,,,relation
relation/3546239,神田錦町二丁目,35.6920791,139.7630099,10,administrative,neighbourhood,,,,,,relation
relation/3546240,神田錦町三丁目,35.6921299,139.7606564,10,administrative,,,,,,,relation
relation/3546241,神田錦町,35.6916965,139.7618842,9,administrative,quarter,,,,,,relation
relation/3546461,神田淡路町,35.6971598,139.7673714,9,administrative,quarter,,,,,,relation
relation/3546473,神田淡路町一丁目,35.6959034,139.7668498,10,administrative,neighbourhood,,,,,,relation
relation/3546474,神田淡路町二丁目,35.6975361,139.7675994,10,administrative,neighbourhood,,,,,,relation
relation/3546503,内神田,35.690894,139.7678064,9,administrative,quarter,,,,,,relation
relation/3546516,内神田一丁目,35.6906628,139.7658469,10,administrative,neighbourhood,,,,,,relation
relation/3546517,内神田二丁目,35.6905751,139.7679124,10,administrative,neighbourhood,,,,,,relation
relation/3546518,内神田三丁目,35.6910346,139.7699207,10,administrative,,,,,,,relation
relation/3547343,神田美土代町,35.6932294,139.7656669,10,administrative,neighbourhood,,,,,,relation
relation/3547347,神田司町,35.6935055,139.7675958,10,administrative,neighbourhood,,,,,,relation
relation/3547361,神田司町二丁目,35.6935055,139.7675958,10,administrative,neighbourhood,,,,,,relation
relation/3547375,神田多町二丁目,35.693851,139.7693174,10,administrative,neighbourhood,,,,,,relation
relation/3547376,神田多町,35.693851,139.7693174,10,administrative,neighbourhood,,,,,,relation
relation/3547422,神田須田町,35.6961959,139.7711387,9,administrative,quarter,,,,,,relation
relation/3547432,神田須田町一丁目,35.6961959,139.7695227,10,administrative,neighbourhood,,,,,,relation
relation/3547433,神田須田町二丁目,35.6958324,139.772779,10,administrative,neighbourhood,,,,,,relation
relation/3548064,神田鍛冶町三丁目,35.6937079,139.7706765,10,administrative,,,,,,,relation
relation/3548065,神田鍛冶町,35.6937079,139.7706765,9,administrative,quarter,,,,,,relation
relation/3548073,鍛冶町,35.6919216,139.7717601,9,administrative,quarter,,,,,,relation
relation/3548074,鍛冶町一丁目,35.6902501,139.7717601,10,administrative,neighbourhood,,,,,,relation
relation/3548075,鍛冶町二丁目,35.6925502,139.77185,10,administrative,neighbourhood,,,,,,relation
relation/3548434,神田美倉町,35.690968,139.7744027,10,administrative,neighbourhood,,,,,,relation
relation/3548437,神田西福田町,35.691379,139.7742399,10,administrative,neighbourhood,,,,,,relation
relation/3548466,神田北乗物町,35.6924634,139.7738617,10,administrative,neighbourhood,,,,,,relation
relation/3548468,神田紺屋町,35.6923636,139.7738656,10,administrative,neighbourhood,,,,,,relation
relation/3548480,神田富山町,35.6935804,139.7733869,10,administrative,neighbourhood,,,,,,relation
relation/3548496,神田東松下町,35.6943326,139.773567,10,administrative,neighbourhood,,,,,,relation
relation/3548512,神田岩本町,35.6955242,139.7749371,10,administrative,neighbourhood,,,,,,relation
relation/3548542,神田東紺屋町,35.69291,139.7746178,10,administrative,neighbourhood,,,,,,relation
relation/3548627,千代田,35.6839472,139.7528649,10,administrative,neighbourhood,,,,,,relation
relation/3551852,皇居外苑,35.6799604,139.7579505,10,administrative,neighbourhood,,,,,,relation
relation/3551876,北の丸公園,35.691527,139.7507425,10,administrative,quarter,,,,,,relation
relation/3553641,岩本町,35.69395,139.7773423,9,administrative,quarter,,,,,,relation
relation/3553650,岩本町一丁目,35.69241,139.7774398,10,administrative,neighbourhood,,,,,,relation
relation/3553651,岩本町三丁目,35.6955647,139.7768183,10,administrative,,,,,,,relation
relation/3553652,岩本町二丁目,35.6934652,139.7769919,10,administrative,neighbourhood,,,,,,relation
relation/3553663,東神田,35.6953412,139.7804918,9,administrative,quarter,,,,,,relation
relation/3553676,東神田一丁目,35.6941394,139.7806364,10,administrative,neighbourhood,,,,,,relation
relation/3553677,東神田三丁目,35.6972288,139.7814526,10,administrative,,,,,,,relation
relation/3553678,東神田二丁目,35.696051,139.7804344,10,administrative,hamlet,,,,,,relation
relation/3554015,江東区,35.6483705,139.8076339,7,administrative,,,,,,,relation
relation/3554304,品川区,35.6130422,139.7375444,7,administrative,city,,,,,,relation
relation/3562039,麻布台,35.6603543,139.7403317,9,administrative,quarter,,,,,,relation
relation/3562048,麻布台一丁目,35.6613797,139.7410996,10,administrative,neighbourhood,,,,,,relation
relation/3562049,麻布台三丁目,35.6603209,139.7385805,10,administrative,,,,,,,relation
relation/3562050,麻布台二丁目,35.6587839,139.7417226,10,administrative,neighbourhood,,,,,,relation
relation/3562067,麻布十番,35.655229,139.7349612,9,administrative,quarter,,,,,,relation
relation/3562073,麻布十番一丁目,35.6566903,139.7346754,10,administrative,neighbourhood,,,,,,relation
relation/3562074,麻布十番三丁目,35.6532439,139.7352714,10,administrative,,,,,,,relation
relation/3562075,麻布十番二丁目,35.6551629,139.7349338,10,administrative,neighbourhood,,,,,,relation
relation/3562076,麻布十番四丁目,35.6539991,139.7371574,10,administrative,neighbourhood,,,,,,relation
relation/3562087,麻布永坂町,35.6586519,139.7376984,9,administrative,neighbourhood,,,,,,relation
relation/3562096,麻布狸穴町,35.6590363,139.7395407,9,administrative,neighbourhood,,,,,,relation
relation/3562287,有楽町一丁目,35.6743261,139.7606455,10,administrative,neighbourhood,,,,,,relation
relation/3562288,有楽町二丁目,35.6738571,139.7626974,10,administrative,neighbourhood,,,,,,relation
relation/3562289,有楽町,35.6742497,139.7615298,9,administrative,quarter,,,,,,relation
relation/3562298,神田佐久間河岸,35.6970482,139.7777466,9,administrative,neighbourhood,,,,,,relation
relation/3564036,神田佐久間町,35.6979247,139.7765127,9,administrative,quarter,,,,,,relation
relation/3564037,神田平河町,35.6980239,139.7757587,10,administrative,neighbourhood,,,,,,relation
relation/3564043,神田佐久間町一丁目,35.6979247,139.7740835,10,administrative,neighbourhood,,,,,,relation
relation/3564049,神田佐久間町二丁目,35.6980313,139.7763195,10,administrative,,,,,,,relation
relation/3564054,神田佐久間町三丁目,35.6979503,139.7781805,10,administrative,,,,,,,relation
relation/3564815,神田和泉町,35.6996198,139.7779951,10,administrative,neighbourhood,,,,,,relation
relation/3564853,神田松永町,35.7002679,139.7749794,10,administrative,neighbourhood,,,,,,relation
relation/3782444,台場,35.631873,139.7728631,9,administrative,quarter,,,,,,relation
relation/3782453,台場一丁目,35.6326616,139.7721386,10,administrative,neighbourhood,,,,,,relation
relation/3787140,内幸町,35.6708823,139.7562401,9,administrative,quarter,,,,,,relation
relation/3787142,内幸町一丁目,35.6708823,139.7579426,10,administrative,neighbourhood,,,,,,relation
relation/3787143,内幸町二丁目,35.6708055,139.7540814,10,administrative,neighbourhood,,,,,,relation
relation/3787155,日比谷公園,35.6737984,139.7562835,10,administrative,neighbourhood,,,,,,relation
relation/3788300,霞が関,35.6738385,139.7495325,9,administrative,quarter,,,,,,relation
relation/3788321,霞が関一丁目,35.674068,139.7527331,10,administrative,neighbourhood,,,,,,relation
relation/3788322,霞が関三丁目,35.6718691,139.7466981,10,administrative,,,,,,,relation
relation/3788323,霞が関二丁目,35.6755829,139.7506164,10,administrative,neighbourhood,,,,,,relation
relation/3788327,永田町,35.6756517,139.7432475,9,administrative,quarter,,,,,,relation
relation/3788344,永田町一丁目,35.6760087,139.7449946,10,administrative,neighbourhood,,,,,,relation
relation/3788345,永田町二丁目,35.6750822,139.7407574,10,administrative,neighbourhood,,,,,,relation
relation/3788688,佃一丁目,35.6689339,139.7830883,10,administrative,neighbourhood,,,,,,relation
relation/3788689,佃三丁目,35.6647105,139.7868285,10,administrative,neighbourhood,,,,,,relation
relation/3788690,佃二丁目,35.6686387,139.7856339,10,administrative,neighbourhood,,,,,,relation
relation/3788693,有明,35.62845,139.7906019,9,administrative,,,,,,,relation
relation/3788735,月島一丁目,35.6652737,139.782198,10,administrative,neighbourhood,,,,,,relation
relation/3788736,月島三丁目,35.6628958,139.7792191,10,administrative,neighbourhood,,,,,,relation
relation/3788737,月島二丁目,35.6625135,139.784779,10,administrative,neighbourhood,,,,,,relation
relation/3788738,月島四丁目,35.6604571,139.7817996,10,administrative,neighbourhood,,,,,,relation
relation/3788739,月島,35.6630641,139.7815701,9,administrative,,,,,,,relation
relation/3788816,勝どき一丁目,35.6608156,139.7762608,10,administrative,neighbourhood,,,,,,relation
relation/3788817,勝どき三丁目,35.659183,139.7739105,10,administrative,,,,,,,relation
relation/3788818,勝どき二丁目,35.6584191,139.7788411,10,administrative,neighbourhood,,,,,,relation
relation/3788819,勝どき五丁目,35.6572213,139.7711254,10,administrative,neighbourhood,,,,,,relation
relation/3788820,勝どき六丁目,35.6549311,139.7735518,10,administrative,neighbourhood,,,,,,relation
relation/3788821,勝どき四丁目,35.6567523,139.7764038,10,administrative,neighbourhood,,,,,,relation
relation/3788822,勝どき,35.6579967,139.7745962,9,administrative,,,,,,,relation
relation/3788823,豊海町,35.6521765,139.7687369,9,administrative,,,,,,,relation
relation/3788832,晴海,35.6518041,139.7772506,9,administrative,,,,,,,relation
relation/3788837,晴海一丁目,35.6593454,139.7845484,10,administrative,neighbourhood,,,,,,relation
relation/3788838,晴海三丁目,35.6549903,139.778849,10,administrative,,,,,,,relation
relation/3788839,晴海二丁目,35.6551577,139.785776,10,administrative,neighbourhood,,,,,,relation
relation/3788840,晴海五丁目,35.6474661,139.7731042,10,administrative,neighbourhood,,,,,,relation
relation/3788841,晴海四丁目,35.6520269,139.7817874,10,administrative,neighbourhood,,,,,,relation
relation/3789138,有明一丁目,35.6404641,139.7871963,10,administrative,neighbourhood,,,,,,relation
relation/3789147,豊洲,35.6514979,139.7864654,9,administrative,,,,,,,relation
relation/3789183,豊洲一丁目,35.6621313,139.7920965,10,administrative,,,,,,,relation
relation/3789185,豊洲二丁目,35.6552614,139.7928359,10,administrative,,,,,,,relation
relation/3789187,豊洲六丁目,35.6456632,139.7823713,10,administrative,,,,,,,relation
relation/4243735,平河町,35.6810093,139.7406381,9,administrative,quarter,,,,,,relation
relation/4243739,平河町一丁目,35.6826133,139.7400293,10,administrative,neighbourhood,,,,,,relation
relation/4243740,平河町二丁目,35.6804178,139.7406502,10,administrative,neighbourhood,,,,,,relation
relation/4243743,隼町,35.6813727,139.7439025,9,administrative,neighbourhood,,,,,,relation
relation/4859036,銀座,35.6695059,139.7655024,9,administrative,,,,,,,relation
relation/4859101,銀座一丁目,35.6736309,139.7689171,10,administrative,,,,,,,relation
relation/4859102,銀座七丁目,35.6685557,139.7632488,10,administrative,,,,,,,relation
relation/4859103,銀座三丁目,35.6719189,139.7673016,10,administrative,,,,,,,relation
relation/4859104,銀座二丁目,35.6727904,139.7681881,10,administrative,,,,,,,relation
relation/4859105,銀座五丁目,35.6701916,139.764392,10,administrative,,,,,,,relation
relation/4859106,銀座八丁目,35.6667473,139.7622824,10,administrative,,,,,,,relation
relation/4859107,銀座六丁目,35.6692239,139.7637949,10,administrative,,,,,,,relation
relation/4859108,銀座四丁目,35.6709472,139.7660691,10,administrative,,,,,,,relation
relation/5444716,紀尾井町1,35.6797229,139.737049,11,administrative,city_block,,,,,,relation
relation/5444717,紀尾井町7,35.6831624,139.7328135,11,administrative,city_block,,,,,,relation
relation/5444718,紀尾井町3,35.6817338,139.7365888,11,administrative,city_block,,,,,,relation
relation/5444719,紀尾井町2,35.6813872,139.7358851,11,administrative,city_block,,,,,,relation
relation/5444720,紀尾井町5,35.6824739,139.7315849,11,administrative,city_block,,,,,,relation
relation/5444721,紀尾井町6,35.6822241,139.7326193,11,administrative,city_block,,,,,,relation
relation/5444722,紀尾井町4,35.6804982,139.7341815,11,administrative,city_block,,,,,,relation
relation/5444723,紀尾井町,35.6814127,139.7346215,10,administrative,,,,,,,relation
relation/5821833,麹町一丁目,35.6844313,139.7431907,10,administrative,neighbourhood,,,,,,relation
relation/5821834,麹町三丁目,35.6845272,139.73877,10,administrative,,,,,,,relation
relation/5821835,麹町二丁目,35.6845448,139.7404181,10,administrative,neighbourhood,,,,,,relation
relation/5821836,麹町五丁目,35.6837097,139.7342129,10,administrative,neighbourhood,,,,,,relation
relation/5821837,麹町六丁目,35.6849681,139.7320182,10,administrative,neighbourhood,,,,,,relation
relation/5821838,麹町四丁目,35.6836481,139.7366546,10,administrative,neighbourhood,,,,,,relation
relation/5821839,麹町,35.6842983,139.7375235,9,administrative,quarter,,,,,,relation
relation/6621205,佃,35.6675935,139.7849156,9,administrative,,,,,,,relation
relation/8421156,六本木,35.6628842,139.7336617,9,administrative,quarter,,,,,,relation
relation/8421157,新橋,35.6648835,139.7570132,9,administrative,quarter,,,,,,relation
relation/8421158,赤坂,35.6713313,139.7358747,9,administrative,quarter,,,,,,relation
relation/9478737,広尾,35.6523359,139.7169162,9,administrative,quarter,,,,,,relation
relation/9479293,広尾一丁目,35.6496611,139.7141572,10,administrative,,,,,,,relation
relation/9479294,広尾二丁目,35.6515258,139.7162216,10,administrative,,,,,,,relation
relation/9479295,広尾三丁目,35.6547816,139.7156919,10,administrative,,,,,,,relation
relation/9479296,広尾四丁目,35.6537611,139.7201013,10,administrative,,,,,,,relation
relation/9479297,広尾五丁目,35.6498658,139.7201304,10,administrative,,,,,,,relation
relation/9521529,恵比寿,35.6450632,139.7165964,9,administrative,quarter,,,,,,relation
relation/9616318,恵比寿南,35.6445731,139.7071994,9,administrative,,,,,,,relation
relation/15902749,鳥越一丁目,35.7028768,139.7826802,10,administrative,,,,,,,relation
relation/15902757,鳥越二丁目,35.7024605,139.7860329,10,administrative,,,,,,,relation
relation/15902806,浅草橋五丁目,35.7005946,139.7822075,10,administrative,,,,,,,relation
relation/15902814,浅草橋二丁目,35.6996281,139.7854436,10,administrative,,,,,,,relation
relation/15902872,小島一丁目,35.7042759,139.783033,10,administrative,,,,,,,relation
relation/15902873,小島二丁目,35.7058853,139.7833098,10,administrative,,,,,,,relation
relation/15902879,元浅草一丁目,35.7080786,139.7834873,10,administrative,,,,,,,relation
relation/15902968,鳥越,35.7027637,139.7845068,9,administrative,,,,,,,relation
relation/15904123,浅草橋四丁目,35.6983941,139.7815804,10,administrative,,,,,,,relation
relation/15904146,浅草橋一丁目,35.6974096,139.7848704,10,administrative,,,,,,,relation
relation/15904159,浅草橋三丁目,35.7008527,139.7864508,10,administrative,,,,,,,relation
relation/15904168,浅草橋,35.6990447,139.7846583,9,administrative,,,,,,,relation
relation/15905168,小島,35.7052136,139.7831561,9,administrative,,,,,,,relation
relation/15905169,三筋一丁目,35.703808,139.7861609,10,administrative,,,,,,,relation
relation/15905173,三筋,35.7047885,139.7861791,9,administrative,,,,,,,relation
relation/15905174,三筋二丁目,35.7057291,139.7863818,10,administrative,,,,,,,relation
relation/15920254,上野一丁目,35.70658,139.771529,10,administrative,neighbourhood,,,,,,relation
relation/15920271,上野三丁目,35.7053936,139.7732969,10,administrative,neighbourhood,,,,,,relation
relation/15920279,上野五丁目,35.7052244,139.7749914,10,administrative,neighbourhood,,,,,,relation
relation/15920350,台東四丁目,35.7065191,139.779042,10,administrative,neighbourhood,,,,,,relation
relation/15920351,台東三丁目,35.7048462,139.7788109,10,administrative,neighbourhood,,,,,,relation
relation/15920352,台東二丁目,35.7032224,139.7785477,10,administrative,neighbourhood,,,,,,relation
relation/15920380,東上野一丁目,35.7079692,139.7792255,10,administrative,,,,,,,relation
relation/15986338,東上野二丁目,35.7098428,139.7794219,10,administrative,,,,,,,relation
relation/15986343,東上野三丁目,35.7108165,139.7798581,10,administrative,,,,,,,relation
relation/15986354,上野六丁目,35.7095608,139.7755415,10,administrative,,,,,,,relation
relation/16002598,元浅草二丁目,35.7101509,139.7837612,10,administrative,,,,,,,relation
relation/16002604,元浅草四丁目,35.7097894,139.7866287,10,administrative,,,,,,,relation
relation/16002609,松が谷一丁目,35.7114884,139.7867523,10,administrative,,,,,,,relation
relation/16003174,元浅草三丁目,35.7077229,139.7865716,10,administrative,,,,,,,relation
relation/16003588,元浅草,35.7088206,139.7851053,9,administrative,,,,,,,relation
relation/16012867,松が谷二丁目,35.7137673,139.7870335,10,administrative,,,,,,,relation
relation/16012870,松が谷三丁目,35.7159746,139.7872853,10,administrative,,,,,,,relation
relation/16012871,松が谷四丁目,35.7179763,139.7874058,10,administrative,,,,,,,relation
relation/16012890,松が谷,35.7147671,139.7871638,9,administrative,,,,,,,relation
relation/16012972,北上野二丁目,35.7174961,139.7843833,10,administrative,,,,,,,relation
relation/16012978,北上野,35.7175227,139.7834451,9,administrative,,,,,,,relation
relation/16012979,北上野一丁目,35.7177612,139.7825261,10,administrative,,,,,,,relation
relation/16012993,下谷一丁目,35.718788,139.7822024,10,administrative,,,,,,,relation
relation/16013016,東上野五丁目,35.7134991,139.781858,10,administrative,,,,,,,relation
relation/16013020,東上野六丁目,35.7132826,139.7841861,10,administrative,,,,,,,relation
relation/16013029,東上野四丁目,35.7139325,139.7802446,10,administrative,,,,,,,relation
relation/16013050,東上野,35.7116033,139.7808563,9,administrative,,,,,,,relation
relation/16013250,入谷一丁目,35.7206358,139.7858725,10,administrative,,,,,,,relation
relation/16013295,入谷二丁目,35.7204332,139.788348,10,administrative,,,,,,,relation
relation/16013296,入谷,35.7204332,139.7867182,9,administrative,,,,,,,relation
relation/16170191,八重洲一丁目,35.6822379,139.7709699,10,administrative,,,,,,,relation
relation/16170192,八重洲二丁目,35.6779453,139.7682178,10,administrative,neighbourhood,,,,,,relation
relation/16170193,八重洲,35.6800474,139.7695266,9,administrative,,,,,,,relation
relation/16170325,京橋一丁目,35.6782113,139.7720996,10,administrative,,,,,,,relation
relation/16170326,京橋二丁目,35.6766348,139.7711561,10,administrative,,,,,,,relation
relation/16170327,京橋三丁目,35.6753934,139.7702458,10,administrative,,,,,,,relation
relation/16170328,京橋,35.6769455,139.7712037,9,administrative,,,,,,,relation
relation/16170329,日本橋一丁目,35.6828444,139.7755148,10,administrative,,,,,,,relation
relation/16170330,日本橋二丁目,35.681268,139.7740366,10,administrative,,,,,,,relation
relation/16170331,日本橋三丁目,35.6796759,139.7730112,10,administrative,,,,,,,relation
relation/16170332,日本橋,35.6812036,139.774514,9,administrative,,,,,,,relation
relation/16170468,築地一丁目,35.6694228,139.7707239,10,administrative,,,,,,,relation
relation/16170469,築地二丁目,35.668652,139.7722663,10,administrative,,,,,,,relation
relation/16170470,築地三丁目,35.6676906,139.7730451,10,administrative,,,,,,,relation
relation/16170471,築地四丁目,35.6663772,139.7696112,10,administrative,,,,,,,relation
relation/16170472,築地五丁目,35.6630618,139.7685626,10,administrative,,,,,,,relation
relation/16170473,築地六丁目,35.6638079,139.7732387,10,administrative,,,,,,,relation
relation/16170474,築地七丁目,35.6651216,139.7756018,10,administrative,,,,,,,relation
relation/16170475,築地,35.6651265,139.7708493,9,administrative,,,,,,,relation
relation/16170476,明石町,35.6673438,139.7777486,9,administrative,,,,,,,relation
relation/16170543,新富一丁目,35.6727683,139.7743516,10,administrative,,,,,,,relation
relation/16170544,新富二丁目,35.6712978,139.7737063,10,administrative,,,,,,,relation
relation/16170545,新富,35.6720798,139.7741922,9,administrative,,,,,,,relation
relation/16170546,入船一丁目,35.6729549,139.777315,10,administrative,,,,,,,relation
relation/16170547,入船二丁目,35.671859,139.7768956,10,administrative,,,,,,,relation
relation/16170548,入船三丁目,35.6705436,139.7764277,10,administrative,,,,,,,relation
relation/16170549,入船,35.6717493,139.7767981,9,administrative,,,,,,,relation
relation/16170550,湊一丁目,35.6727528,139.7802346,10,administrative,,,,,,,relation
relation/16170551,湊二丁目,35.6709866,139.7803467,10,administrative,,,,,,,relation
relation/16170552,湊三丁目,35.6698119,139.7795966,10,administrative,,,,,,,relation
relation/16170553,湊,35.6711816,139.7800563,9,administrative,,,,,,,relation
relation/16170601,八丁堀一丁目,35.6775195,139.7770753,10,administrative,,,,,,,relation
relation/16170602,八丁堀二丁目,35.676598,139.7766488,10,administrative,,,,,,,relation
relation/16170603,八丁堀三丁目,35.6755796,139.7764613,10,administrative,,,,,,,relation
relation/16170604,八丁堀四丁目,35.6743754,139.7765781,10,administrative,,,,,,,relation
relation/16170605,八丁堀,35.6762294,139.7765781,9,administrative,,,,,,,relation
relation/16170606,新川一丁目,35.67657,139.7839441,10,administrative,,,,,,,relation
relation/16170607,新川二丁目,35.6742613,139.7827922,10,administrative,,,,,,,relation
relation/16170608,新川,35.6753567,139.7833671,9,administrative,,,,,,,relation
relation/16170632,日本橋兜町,35.681069,139.77754,9,administrative,,,,,,,relation
relation/16170633,日本橋茅場町一丁目,35.6806624,139.7801261,10,administrative,,,,,,,relation
relation/16170634,日本橋茅場町二丁目,35.6789547,139.7793406,10,administrative,,,,,,,relation
relation/16170635,日本橋茅場町三丁目,35.6778715,139.7783165,10,administrative,,,,,,,relation
relation/16170636,日本橋茅場町,35.6795577,139.779423,9,administrative,,,,,,,relation
relation/16171148,日本橋箱崎町,35.6799542,139.7866149,9,administrative,,,,,,,relation
relation/16171149,日本橋中洲,35.6836757,139.7909032,9,administrative,,,,,,,relation
relation/16184496,日本橋小網町,35.682572,139.7808712,9,administrative,,,,,,,relation
relation/16184497,日本橋蛎殻町一丁目,35.682452,139.7834797,10,administrative,,,,,,,relation
relation/16184498,日本橋蛎殻町二丁目,35.6833964,139.7865777,10,administrative,,,,,,,relation
relation/16184499,日本橋蛎殻町,35.6827861,139.7846189,9,administrative,,,,,,,relation
relation/16184500,日本橋人形町一丁目,35.6847556,139.782401,10,administrative,,,,,,,relation
relation/16184501,日本橋人形町二丁目,35.685858,139.7846577,10,administrative,,,,,,,relation
relation/16184502,日本橋人形町三一丁目,35.6866323,139.7814183,10,administrative,,,,,,,relation
relation/16184503,日本橋人形町,35.6855979,139.783236,9,administrative,,,,,,,relation
relation/16187294,日本橋久松町,35.6893198,139.7843978,9,administrative,,,,,,,relation
relation/16187295,日本橋浜町一丁目,35.6903563,139.7872239,10,administrative,,,,,,,relation
relation/16187296,日本橋浜町二丁目,35.688004,139.7884065,10,administrative,,,,,,,relation
relation/16187297,日本橋浜町三丁目,35.6852192,139.7899825,10,administrative,,,,,,,relation
relation/16187298,日本橋浜町,35.6875034,139.7887984,9,administrative,,,,,,,relation
relation/16187300,日本橋富沢町,35.6888707,139.7827452,9,administrative,,,,,,,relation
relation/16187328,日本橋本石町一丁目,35.6850806,139.7719459,10,administrative,,,,,,,relation
relation/16187329,日本橋本石町二丁目,35.6863851,139.771477,10,administrative,,,,,,,relation
relation/16187330,日本橋本石町三丁目,35.6871566,139.7707736,10,administrative,,,,,,,relation
relation/16187331,日本橋本石町四丁目,35.6883702,139.7697877,10,administrative,,,,,,,relation
relation/16187332,日本橋本石町,35.6869526,139.7705206,9,administrative,,,,,,,relation
relation/16187333,日本橋室町一丁目,35.6853721,139.7747772,10,administrative,,,,,,,relation
relation/16187334,日本橋室町二丁目,35.686811,139.7737457,10,administrative,,,,,,,relation
relation/16187335,日本橋室町三丁目,35.6879697,139.7728444,10,administrative,,,,,,,relation
relation/16187336,日本橋室町四丁目,35.6891157,139.7723361,10,administrative,,,,,,,relation
relation/16187337,日本橋室町,35.6870218,139.7740141,9,administrative,,,,,,,relation
relation/16187420,日本橋本町一丁目,35.6857581,139.7768453,10,administrative,,,,,,,relation
relation/16187421,日本橋本町二丁目,35.6878294,139.7759679,10,administrative,,,,,,,relation
relation/16187422,日本橋本町三丁目,35.6888743,139.775613,10,administrative,,,,,,,relation
relation/16187423,日本橋本町四丁目,35.6901425,139.7747926,10,administrative,,,,,,,relation
relation/16187424,日本橋本町,35.687842,139.775338,9,administrative,,,,,,,relation
relation/16187425,日本橋小舟町,35.6867395,139.7784193,9,administrative,,,,,,,relation
relation/16187426,日本橋堀留町一丁目,35.6879305,139.7795932,10,administrative,,,,,,,relation
relation/16187427,日本橋堀留町二丁目,35.688639,139.7810106,10,administrative,,,,,,,relation
relation/16187428,日本橋堀留町,35.6881314,139.7801343,9,administrative,,,,,,,relation
relation/16187429,日本橋大伝馬町,35.6902166,139.7798697,9,administrative,,,,,,,relation
relation/16187430,日本橋小伝馬町,35.6913992,139.7789404,9,administrative,,,,,,,relation
relation/16188701,日本橋馬喰町一丁目,35.6934867,139.7826998,10,administrative,,,,,,,relation
relation/16188702,日本橋馬喰町二丁目,35.6957235,139.7835089,10,administrative,,,,,,,relation
relation/16188703,日本橋馬喰町,35.6942282,139.7828499,9,administrative,,,,,,,relation
relation/16188704,日本橋横山町,35.6929856,139.7832532,9,administrative,,,,,,,relation
relation/16188705,東日本橋一丁目,35.691785,139.7866677,10,administrative,,,,,,,relation
relation/16188706,東日本橋二丁目,35.6934124,139.7868054,10,administrative,,,,,,,relation
relation/16188707,東日本橋三丁目,35.6915312,139.7834389,10,administrative,,,,,,,relation
relation/16188708,東日本橋,35.6927884,139.7853715,9,administrative,,,,,,,relation
relation/16308720,上野四丁目,35.7096388,139.7739322,10,administrative,,,,,,,relation
relation/16308777,上野二丁目,35.7100586,139.7716401,10,administrative,neighbourhood,,,,,,relation
relation/16309236,外神田六丁目,35.7040579,139.7700096,10,administrative,,,,,,,relation
relation/16309239,外神田五丁目,35.7039775,139.7724234,10,administrative,,,,,,,relation
relation/16309240,外神田四丁目,35.7012447,139.772476,10,administrative,,,,,,,relation
relation/16309259,外神田三丁目,35.7013411,139.7703755,10,administrative,,,,,,,relation
relation/16310015,外神田二丁目,35.7006833,139.7678987,10,administrative,,,,,,,relation
relation/16310382,湯島三丁目,35.7059737,139.769547,10,administrative,neighbourhood,,,,,,relation
relation/16310384,外神田一丁目,35.6984262,139.7709304,10,administrative,,,,,,,relation
relation/16310455,外神田,35.7011045,139.769945,9,administrative,,,,,,,relation
relation/16400527,西浅草三丁目,35.7159573,139.7908022,10,administrative,,,,,,,relation
relation/16400533,千束一丁目,35.7193351,139.7910126,10,administrative,,,,,,,relation
relation/16550782,馬場下町,35.7060893,139.7196687,9,administrative,,,,,,,relation
relation/16929945,飯田橋,35.6999319,139.7479156,9,administrative,,,,,,,relation
relation/16929946,富士見,35.698079,139.7445649,9,administrative,,,,,,,relation
relation/16929984,飯田橋一丁目,35.6984734,139.7491369,10,administrative,,,,,,,relation
relation/16929985,飯田橋二丁目,35.6992098,139.7503095,10,administrative,,,,,,,relation
relation/16929986,飯田橋三丁目,35.7013124,139.7481928,10,administrative,,,,,,,relation
relation/16929987,飯田橋四丁目,35.7009026,139.7458621,10,administrative,,,,,,,relation
relation/16929988,富士見一丁目,35.6978377,139.7469892,10,administrative,,,,,,,relation
relation/16929989,富士見二丁目,35.698079,139.7431724,10,administrative,,,,,,,relation
relation/16944474,千歳一丁目,35.6905809,139.7912147,10,administrative,,,,,,,relation
relation/16944477,千歳,35.6903579,139.7935645,9,administrative,,,,,,,relation
relation/17000646,両国一丁目,35.6940642,139.7901395,10,administrative,,,,,,,relation
relation/17000650,両国,35.6940642,139.7933001,9,administrative,,,,,,,relation
relation/17000651,横網一丁目,35.6975385,139.7937447,10,administrative,,,,,,,relation
relation/17000653,横網,35.6987239,139.7937447,9,administrative,,,,,,,relation
relation/17004551,佐賀一丁目,35.6770826,139.7901768,10,administrative,,,,,,,relation
relation/17004552,佐賀二丁目,35.6792439,139.791585,10,administrative,,,,,,,relation
relation/17004553,佐賀,35.67814,139.7908486,9,administrative,,,,,,,relation
relation/17004723,永代一丁目,35.6746803,139.7893427,10,administrative,,,,,,,relation
relation/17004724,永代二丁目,35.673484,139.7913856,10,administrative,,,,,,,relation
relation/17004725,永代,35.6738996,139.7902074,9,administrative,,,,,,,relation
relation/17007601,越中島一丁目,35.6706949,139.7899178,10,administrative,,,,,,,relation
relation/17007602,越中島二丁目,35.6665699,139.7924864,10,administrative,,,,,,,relation
relation/17007604,越中島,35.6677114,139.7941857,9,administrative,,,,,,,relation
relation/17008298,恵比寿南一丁目,35.6449477,139.7098932,10,administrative,,,,,,,relation
relation/17008299,恵比寿南二丁目,35.6438717,139.7091448,10,administrative,,,,,,,relation
relation/17008300,恵比寿南三丁目,35.6447713,139.7047855,10,administrative,,,,,,,relation
relation/17008301,恵比寿西一丁目,35.647751,139.705566,10,administrative,,,,,,,relation
relation/17008302,恵比寿西二丁目,35.6500476,139.705911,10,administrative,,,,,,,relation
relation/17008303,恵比寿西,35.6492595,139.705566,9,administrative,,,,,,,relation
relation/17008357,恵比寿一丁目,35.6471278,139.7136314,10,administrative,,,,,,,relation
relation/17008358,恵比寿二丁目,35.6465374,139.7202041,10,administrative,,,,,,,relation
relation/17008359,恵比寿三丁目,35.6435496,139.7189858,10,administrative,,,,,,,relation
relation/17008360,恵比寿四丁目,35.6448074,139.7128746,10,administrative,,,,,,,relation
relation/17016050,上大崎二丁目,35.6376834,139.7163542,10,administrative,,,,,,,relation
relation/17016053,上大崎,35.6347993,139.7199955,9,administrative,,,,,,,relation
relation/17022574,代官山町,35.650633,139.7042114,9,administrative,,,,,,,relation
relation/17022575,猿楽町,35.6501326,139.7018656,9,administrative,,,,,,,relation
relation/17022576,鶯谷町,35.6528693,139.701999,9,administrative,,,,,,,relation
relation/17022577,桜丘町,35.6556107,139.7008996,9,administrative,,,,,,,relation
relation/17022578,鉢山町,35.6514911,139.6982072,9,administrative,,,,,,,relation
relation/17022579,南平台町,35.6539085,139.6962032,9,administrative,,,,,,,relation
relation/17022580,道玄坂一丁目,35.6571474,139.6982764,10,administrative,,,,,,,relation
relation/17022581,道玄坂二丁目,35.6593619,139.6982842,10,administrative,,,,,,,relation
relation/17022582,道玄坂,35.6582469,139.6982764,9,administrative,,,,,,,relation
relation/17022583,円山町,35.657541,139.694707,9,administrative,,,,,,,relation
relation/17022584,神泉町,35.6564517,139.6922902,9,administrative,,,,,,,relation
relation/17022650,東一丁目,35.6553604,139.7082022,10,administrative,,,,,,,relation
relation/17022651,東二丁目,35.6533085,139.7092688,10,administrative,,,,,,,relation
relation/17022652,東三丁目,35.6502292,139.7105995,10,administrative,,,,,,,relation
relation/17022653,東四丁目,35.6555483,139.7126606,10,administrative,,,,,,,relation
relation/17022654,東,35.6531024,139.7099885,9,administrative,,,,,,,relation
relation/17022655,渋谷一丁目,35.6618074,139.7043931,10,administrative,,,,,,,relation
relation/17022656,渋谷二丁目,35.6595792,139.7050377,10,administrative,,,,,,,relation
relation/17022657,渋谷三丁目,35.6558731,139.7050939,10,administrative,,,,,,,relation
relation/17022658,渋谷四丁目,35.660147,139.7110436,10,administrative,,,,,,,relation
relation/17022659,渋谷,35.6588063,139.7075378,9,administrative,,,,,,,relation
relation/17022736,神南一丁目,35.6631188,139.7002512,10,administrative,,,,,,,relation
relation/17022737,神南二丁目,35.6664,139.6969599,10,administrative,,,,,,,relation
relation/17022738,神南,35.6643497,139.6969599,9,administrative,,,,,,,relation
relation/17022739,宇田川町,35.6621374,139.6977299,9,administrative,,,,,,,relation
relation/17022740,松濤一丁目,35.6608505,139.6928506,10,administrative,,,,,,,relation
relation/17022741,松濤二丁目,35.6599889,139.6901747,10,administrative,,,,,,,relation
relation/17022742,松濤,35.6604541,139.6919858,9,administrative,,,,,,,relation
relation/17051295,代々木神園町,35.6746425,139.6973663,9,administrative,,,,,,,relation
relation/17054290,神宮前一丁目,35.6715675,139.7051797,10,administrative,,,,,,,relation
relation/17054291,神宮前二丁目,35.6738305,139.7118711,10,administrative,neighbourhood,,,,,,relation
relation/17054292,神宮前三丁目,35.6704751,139.710893,10,administrative,neighbourhood,,,,,,relation
relation/17054293,神宮前四丁目,35.6680542,139.7091628,10,administrative,,,,,,,relation
relation/17054294,神宮前五丁目,35.6645844,139.7067409,10,administrative,neighbourhood,,,,,,relation
relation/17054295,神宮前六丁目,35.6658534,139.704069,10,administrative,,,,,,,relation
relation/17054296,神宮前,35.668514,139.7089781,9,administrative,,,,,,,relation
relation/17054662,千駄ヶ谷一丁目,35.6794973,139.7109051,10,administrative,,,,,,,relation
relation/17054663,千駄ヶ谷二丁目,35.6760897,139.7098473,10,administrative,,,,,,,relation
relation/17054664,千駄ヶ谷三丁目,35.6760262,139.7060798,10,administrative,,,,,,,relation
relation/17054665,千駄ヶ谷四丁目,35.6806092,139.7057373,10,administrative,,,,,,,relation
relation/17054666,千駄ヶ谷五丁目,35.6854042,139.7049053,10,administrative,,,,,,,relation
relation/17054667,千駄ヶ谷六丁目,35.68466,139.70851,10,administrative,,,,,,,relation
relation/17054668,千駄ヶ谷,35.681076,139.7071136,9,administrative,,,,,,,relation
relation/17054669,代々木一丁目,35.6823439,139.7002936,10,administrative,,,,,,,relation
relation/17054670,代々木二丁目,35.6853936,139.6983109,10,administrative,,,,,,,relation
relation/17054671,代々木三丁目,35.6831386,139.6943961,10,administrative,,,,,,,relation
relation/17054672,代々木四丁目,35.6802365,139.6911761,10,administrative,,,,,,,relation
relation/17054673,代々木五丁目,35.6737639,139.6903011,10,administrative,,,,,,,relation
relation/17054674,代々木,35.6790391,139.6956407,9,administrative,,,,,,,relation
relation/17054727,神山町,35.6638986,139.6915239,9,administrative,,,,,,,relation
relation/17054728,富ヶ谷一丁目,35.6673085,139.6904842,10,administrative,,,,,,,relation
relation/17054729,富ヶ谷二丁目,35.6645558,139.6853521,10,administrative,,,,,,,relation
relation/17054730,富ヶ谷,35.6658311,139.6879075,9,administrative,,,,,,,relation
relation/17054881,上原一丁目,35.6689565,139.6831294,10,administrative,,,,,,,relation
relation/17054882,上原二丁目,35.6655822,139.6817633,10,administrative,,,,,,,relation
relation/17054883,上原三丁目,35.666161,139.6778867,10,administrative,,,,,,,relation
relation/17054884,上原,35.6665866,139.6807979,9,administrative,,,,,,,relation
relation/17054886,元代々木町,35.6719677,139.6853671,9,administrative,,,,,,,relation
relation/17055978,初台一丁目,35.6798896,139.685089,10,administrative,,,,,,,relation
relation/17055979,初台二丁目,35.6758526,139.6850903,10,administrative,,,,,,,relation
relation/17055980,初台,35.6779416,139.685089,9,administrative,,,,,,,relation
relation/17055981,西原一丁目,35.675378,139.6812831,10,administrative,,,,,,,relation
relation/17055982,西原二丁目,35.6736263,139.6776102,10,administrative,,,,,,,relation
relation/17055983,西原三丁目,35.6708373,139.6797333,10,administrative,,,,,,,relation
relation/17055984,西原,35.6736705,139.6791181,9,administrative,,,,,,,relation
relation/17058696,本町一丁目,35.6809455,139.6828967,10,administrative,,,,,,,relation
relation/17058697,本町二丁目,35.6837818,139.6825149,10,administrative,,,,,,,relation
relation/17058698,本町三丁目,35.6890671,139.6828478,10,administrative,,,,,,,relation
relation/17058699,本町四丁目,35.6867718,139.6799185,10,administrative,,,,,,,relation
relation/17058701,本町六丁目,35.6822259,139.6782339,10,administrative,,,,,,,relation
relation/17058702,本町,35.684973,139.6804328,9,administrative,,,,,,,relation
relation/17069519,霞ヶ丘町,35.6771054,139.7162805,9,administrative,,,,,,,relation
relation/17069520,信濃町,35.6821685,139.7197752,9,administrative,,,,,,,relation
relation/17069521,南元町,35.6809347,139.722973,9,administrative,,,,,,,relation
relation/17069522,若葉一丁目,35.6840338,139.7253765,10,administrative,,,,,,,relation
relation/17069523,若葉二丁目,35.6849175,139.724307,10,administrative,,,,,,,relation
relation/17069524,若葉三丁目,35.6825534,139.7235574,10,administrative,,,,,,,relation
relation/17069525,若葉,35.6840338,139.7248948,9,administrative,,,,,,,relation
relation/17069526,須賀町,35.6853664,139.7221672,9,administrative,,,,,,,relation
relation/17069527,左門町,35.6857607,139.720345,9,administrative,,,,,,,relation
relation/17069528,大京町,35.6839518,139.7166638,9,administrative,,,,,,,relation
relation/17069529,内藤町,35.6856565,139.7104405,9,administrative,,,,,,,relation
relation/17081647,新宿一丁目,35.6894438,139.7123679,10,administrative,,,,,,,relation
relation/17081648,新宿二丁目,35.6901168,139.7081857,10,administrative,,,,,,,relation
relation/17081649,新宿三丁目,35.6912607,139.7032924,10,administrative,,,,,,,relation
relation/17081650,新宿四丁目,35.6888472,139.7035539,10,administrative,,,,,,,relation
relation/17081651,新宿五丁目,35.6930791,139.7086526,10,administrative,,,,,,,relation
relation/17081652,新宿六丁目,35.6953729,139.7101012,10,administrative,,,,,,,relation
relation/17081653,新宿七丁目,35.6995404,139.7107614,10,administrative,,,,,,,relation
relation/17081654,新宿,35.6943835,139.7072804,9,administrative,,,,,,,relation
relation/17081655,歌舞伎町一丁目,35.6953822,139.7021073,10,administrative,,,,,,,relation
relation/17081656,歌舞伎町二丁目,35.6965439,139.7038857,10,administrative,,,,,,,relation
relation/17081657,歌舞伎町,35.6954854,139.7031062,9,administrative,,,,,,,relation
relation/17081658,西新宿一丁目,35.6904419,139.6972588,10,administrative,,,,,,,relation
relation/17081659,西新宿二丁目,35.6893902,139.6914883,10,administrative,,,,,,,relation
relation/17081660,西新宿三丁目,35.6846364,139.6907672,10,administrative,,,,,,,relation
relation/17081661,西新宿四丁目,35.6875961,139.6862793,10,administrative,,,,,,,relation
relation/17081662,西新宿五丁目,35.6929955,139.6859688,10,administrative,,,,,,,relation
relation/17081663,西新宿六丁目,35.6934554,139.6909835,10,administrative,,,,,,,relation
relation/17081664,西新宿七丁目,35.6955213,139.6968574,10,administrative,,,,,,,relation
relation/17081665,西新宿八丁目,35.6958449,139.6928996,10,administrative,,,,,,,relation
relation/17081666,西新宿,35.689892,139.6916486,9,administrative,,,,,,,relation
relation/17081774,北新宿一丁目,35.6994491,139.694008,10,administrative,,,,,,,relation
relation/17081775,北新宿二丁目,35.6985988,139.6889407,10,administrative,,,,,,,relation
relation/17081776,北新宿三丁目,35.7038566,139.6913219,10,administrative,,,,,,,relation
relation/17081777,北新宿四丁目,35.7065942,139.6914897,10,administrative,,,,,,,relation
relation/17081778,北新宿,35.7026916,139.692062,9,administrative,,,,,,,relation
relation/17081779,百人町一丁目,35.6998968,139.6988192,10,administrative,,,,,,,relation
relation/17081780,百人町二丁目,35.7029567,139.6986505,10,administrative,,,,,,,relation
relation/17081781,百人町三丁目,35.7060688,139.6979311,10,administrative,,,,,,,relation
relation/17081782,百人町四丁目,35.708205,139.69817,10,administrative,,,,,,,relation
relation/17081783,百人町,35.7037527,139.698284,9,administrative,,,,,,,relation
relation/17081784,大久保一丁目,35.6996236,139.7050336,10,administrative,,,,,,,relation
relation/17081785,大久保二丁目,35.702807,139.7057143,10,administrative,,,,,,,relation
relation/17081786,大久保三丁目,35.7068258,139.7047858,10,administrative,,,,,,,relation
relation/17081787,大久保,35.7037556,139.7048254,9,administrative,,,,,,,relation
relation/17081788,高田馬場一丁目,35.7111055,139.7062184,10,administrative,,,,,,,relation
relation/17081789,高田馬場二丁目,35.7131383,139.7076938,10,administrative,,,,,,,relation
relation/17081790,高田馬場三丁目,35.71242,139.6988529,10,administrative,,,,,,,relation
relation/17081791,高田馬場四丁目,35.7112247,139.6990373,10,administrative,,,,,,,relation
relation/17081792,高田馬場,35.711944,139.7024404,9,administrative,,,,,,,relation
relation/17082278,上落合一丁目,35.7134609,139.6926692,10,administrative,,,,,,,relation
relation/17082279,上落合二丁目,35.713368,139.6879249,10,administrative,,,,,,,relation
relation/17082280,上落合三丁目,35.7124538,139.6833338,10,administrative,,,,,,,relation
relation/17082281,上落合,35.7132196,139.6878771,9,administrative,,,,,,,relation
relation/17082282,中井一丁目,35.7150229,139.6830892,10,administrative,,,,,,,relation
relation/17082283,中井二丁目,35.7172199,139.6840335,10,administrative,,,,,,,relation
relation/17082284,中井,35.7167375,139.6840335,9,administrative,,,,,,,relation
relation/17082285,中落合一丁目,35.7168145,139.69063,10,administrative,,,,,,,relation
relation/17082286,中落合二丁目,35.71965,139.6918974,10,administrative,,,,,,,relation
relation/17082287,中落合三丁目,35.7209116,139.6882114,10,administrative,,,,,,,relation
relation/17082288,中落合四丁目,35.7189235,139.6836788,10,administrative,,,,,,,relation
relation/17082289,中落合,35.7187863,139.6868455,9,administrative,,,,,,,relation
relation/17082290,下落合一丁目,35.7157648,139.6995453,10,administrative,,,,,,,relation
relation/17082291,下落合二丁目,35.7181849,139.7022462,10,administrative,,,,,,,relation
relation/17082292,下落合三丁目,35.7211722,139.7019621,10,administrative,,,,,,,relation
relation/17082293,下落合四丁目,35.7194488,139.6967413,10,administrative,,,,,,,relation
relation/17082294,下落合,35.7191312,139.7000398,9,administrative,,,,,,,relation
relation/17082295,西落合一丁目,35.7207962,139.6822057,10,administrative,,,,,,,relation
relation/17082299,西落合,35.7239405,139.6797062,9,administrative,,,,,,,relation
relation/17086959,四谷一丁目,35.6848447,139.729326,10,administrative,,,,,,,relation
relation/17086960,四谷二丁目,35.6871606,139.7250944,10,administrative,,,,,,,relation
relation/17086961,四谷三丁目,35.6877082,139.7208332,10,administrative,,,,,,,relation
relation/17086962,四谷四丁目,35.6886365,139.7164079,10,administrative,,,,,,,relation
relation/17086963,四谷,35.6861629,139.7229223,9,administrative,,,,,,,relation
relation/17086964,愛住町,35.690087,139.7191287,9,administrative,,,,,,,relation
relation/17086965,舟町,35.6901364,139.721067,9,administrative,,,,,,,relation
relation/17086966,荒木町,35.6901703,139.7234386,9,administrative,,,,,,,relation
relation/17090430,四谷三栄町,35.6888138,139.7257874,9,administrative,,,,,,,relation
relation/17090431,四谷坂町,35.6902816,139.7269046,9,administrative,,,,,,,relation
relation/17090432,四谷本塩町,35.6890665,139.7297357,9,administrative,,,,,,,relation
relation/17090433,富久町,35.6935707,139.7159218,9,administrative,,,,,,,relation
relation/17090434,余丁町,35.6965248,139.715855,9,administrative,,,,,,,relation
relation/17090435,市谷台町,35.693662,139.7186722,9,administrative,,,,,,,relation
relation/17090436,住吉町,35.6937784,139.7206668,9,administrative,,,,,,,relation
relation/17090437,片町,35.6923132,139.7247764,9,administrative,,,,,,,relation
relation/17090438,河田町,35.696626,139.7202152,9,administrative,,,,,,,relation
relation/17090439,市谷仲之町,35.6946887,139.723076,9,administrative,,,,,,,relation
relation/17090440,市谷本村町,35.692453,139.7291638,9,administrative,,,,,,,relation
relation/17090441,市谷八幡町,35.6921751,139.7345134,9,administrative,,,,,,,relation
relation/17090442,若松町,35.7001436,139.7181177,9,administrative,,,,,,,relation
relation/17090443,戸山一丁目,35.7037322,139.7177471,10,administrative,,,,,,,relation
relation/17090444,戸山二丁目,35.7027941,139.7124592,10,administrative,,,,,,,relation
relation/17090445,戸山三丁目,35.7062993,139.7124341,10,administrative,,,,,,,relation
relation/17090446,戸山,35.704568,139.7145403,9,administrative,,,,,,,relation
relation/17090741,市谷薬王寺町,35.6969015,139.725189,9,administrative,,,,,,,relation
relation/17091429,市谷加賀町一丁目,35.6964597,139.7309815,10,administrative,,,,,,,relation
relation/17091430,市谷加賀町二丁目,35.6968575,139.7286557,10,administrative,,,,,,,relation
relation/17091431,市谷加賀町,35.6967258,139.7297457,9,administrative,,,,,,,relation
relation/17091432,市谷左内町,35.6942286,139.7340129,9,administrative,,,,,,,relation
relation/17091433,市谷鷹匠町,35.6959308,139.7335039,9,administrative,,,,,,,relation
relation/17091434,市谷長延寺町,35.694591,139.7345267,9,administrative,,,,,,,relation
relation/17091435,市谷田町一丁目,35.6929879,139.7362695,10,administrative,,,,,,,relation
relation/17091436,市谷田町二丁目,35.6947215,139.7375675,10,administrative,,,,,,,relation
relation/17091437,市谷田町三丁目,35.6963853,139.7388611,10,administrative,,,,,,,relation
relation/17091438,市谷田町,35.6947316,139.7376124,9,administrative,,,,,,,relation
relation/17091640,市谷砂土原町一丁目,35.6947068,139.7353088,10,administrative,,,,,,,relation
relation/17091641,市谷砂土原町二丁目,35.6956167,139.7356046,10,administrative,,,,,,,relation
relation/17091642,市谷砂土原町三丁目,35.69682,139.7372613,10,administrative,,,,,,,relation
relation/17091643,市谷砂土原町,35.6958901,139.7365997,9,administrative,,,,,,,relation
relation/17091644,市谷船河原町,35.6979642,139.7401167,9,administrative,,,,,,,relation
relation/17091645,市谷柳町,35.6992579,139.7259383,9,administrative,,,,,,,relation
relation/17091646,市谷甲良町,35.6987706,139.7281216,9,administrative,,,,,,,relation
relation/17091647,市谷山伏町,35.7000541,139.7282166,9,administrative,,,,,,,relation
relation/17091648,払方町,35.6972488,139.7357419,9,administrative,,,,,,,relation
relation/17097441,納戸町,35.6973202,139.7334035,9,administrative,,,,,,,relation
relation/17097442,二十騎町,35.6983261,139.7306847,9,administrative,,,,,,,relation
relation/17097443,南山伏町,35.6989736,139.7308396,9,administrative,,,,,,,relation
relation/17127692,北山伏町,35.7000591,139.7307257,9,administrative,,,,,,,relation
relation/17127693,細工町,35.6990033,139.7329924,9,administrative,,,,,,,relation
relation/17127694,南町,35.6985155,139.7362512,9,administrative,,,,,,,relation
relation/17127695,中町,35.6992196,139.7356161,9,administrative,,,,,,,relation
relation/17127696,北町,35.6999157,139.7352282,9,administrative,,,,,,,relation
relation/17127697,箪笥町,35.7004326,139.7341583,9,administrative,,,,,,,relation
relation/17143195,若宮町,35.6995868,139.7393983,9,administrative,,,,,,,relation
relation/17143196,袋町,35.7005062,139.7381163,9,administrative,,,,,,,relation
relation/17143197,岩戸町,35.7014378,139.7372151,9,administrative,,,,,,,relation
relation/17143198,横寺町,35.7016173,139.7343214,9,administrative,,,,,,,relation
relation/17143199,神楽坂一丁目,35.6998422,139.7418993,10,administrative,,,,,,,relation
relation/17143200,神楽坂二丁目,35.7008845,139.7415466,10,administrative,,,,,,,relation
relation/17143201,神楽坂三丁目,35.7014156,139.7405172,10,administrative,,,,,,,relation
relation/17143202,神楽坂四丁目,35.702154,139.7399271,10,administrative,,,,,,,relation
relation/17143203,神楽坂五丁目,35.7021058,139.7386394,10,administrative,,,,,,,relation
relation/17143204,神楽坂六丁目,35.7030117,139.7366023,10,administrative,,,,,,,relation
relation/17143205,神楽坂,35.7012594,139.7390065,9,administrative,,,,,,,relation
relation/17143206,神楽河岸,35.7013139,139.7435261,9,administrative,,,,,,,relation
relation/17143207,揚場町,35.7021407,139.7429547,9,administrative,,,,,,,relation
relation/17143208,津久戸町,35.7031816,139.741393,9,administrative,,,,,,,relation
relation/17143209,下宮比町,35.7032584,139.743758,9,administrative,,,,,,,relation
relation/17143210,新小川町,35.7061772,139.7423559,9,administrative,,,,,,,relation
relation/17143211,筑土八幡町,35.7042367,139.7401736,9,administrative,,,,,,,relation
relation/17143212,白銀町,35.7038347,139.7383749,9,administrative,,,,,,,relation
relation/17143838,喜久井町,35.7036265,139.7220636,9,administrative,,,,,,,relation
relation/17143839,原町一丁目,35.7004009,139.7247484,10,administrative,,,,,,,relation
relation/17143840,原町二丁目,35.7005733,139.7234726,10,administrative,,,,,,,relation
relation/17143841,原町三丁目,35.6997541,139.722593,10,administrative,,,,,,,relation
relation/17143842,原町,35.7003159,139.7237119,9,administrative,,,,,,,relation
relation/17143843,弁天町,35.7032071,139.7260852,9,administrative,,,,,,,relation
relation/17143844,南榎町,35.7020534,139.728879,9,administrative,,,,,,,relation
relation/17143845,榎町,35.705132,139.7280735,9,administrative,,,,,,,relation
relation/17143846,東榎町,35.7050566,139.7296123,9,administrative,,,,,,,relation
relation/17143847,矢来町,35.7024818,139.7322908,9,administrative,,,,,,,relation
relation/17143848,東五軒町,35.7066013,139.7391359,9,administrative,,,,,,,relation
relation/17143849,西五軒町,35.7070078,139.7374683,9,administrative,,,,,,,relation
relation/17143850,赤城元町,35.7046382,139.7365709,9,administrative,,,,,,,relation
relation/17143851,赤城下町,35.705626,139.7339339,9,administrative,,,,,,,relation
relation/17143852,築地町,35.705953,139.7358355,9,administrative,,,,,,,relation
relation/17143853,水道町,35.7077964,139.7361053,9,administrative,,,,,,,relation
relation/17143854,天神町,35.7054057,139.7310063,9,administrative,,,,,,,relation
relation/17143855,中里町,35.7059494,139.7320232,9,administrative,,,,,,,relation
relation/17143856,改代町,35.7073159,139.7341146,9,administrative,,,,,,,relation
relation/17144181,山吹町,35.7078832,139.7306051,9,administrative,,,,,,,relation
relation/17144182,早稲田南町,35.7043236,139.7239051,9,administrative,,,,,,,relation
relation/17144183,早稲田町,35.7060684,139.7237596,9,administrative,,,,,,,relation
relation/17144184,早稲田鶴巻町,35.7082244,139.7246871,9,administrative,,,,,,,relation
relation/17144185,戸塚町一丁目,35.7087373,139.7212349,10,administrative,,,,,,,relation
relation/17144186,戸塚町,35.7087373,139.7212349,9,administrative,,,,,,,relation
relation/17144187,西早稲田一丁目,35.7098545,139.719907,10,administrative,,,,,,,relation
relation/17144188,西早稲田二丁目,35.7089504,139.7139046,10,administrative,,,,,,,relation
relation/17144189,西早稲田三丁目,35.7120902,139.7136221,10,administrative,,,,,,,relation
relation/17144190,西早稲田,35.7106092,139.716186,9,administrative,,,,,,,relation
relation/17413541,代沢一丁目,35.6575429,139.6775217,10,administrative,,,,,,,relation
relation/17413546,代沢,35.6557601,139.6725416,9,administrative,,,,,,,relation
relation/17705899,九段北一丁目,35.6966108,139.7501876,10,administrative,,,,,,,relation
relation/17705900,九段北二丁目,35.6952646,139.7463255,10,administrative,,,,,,,relation
relation/17705901,九段北三丁目,35.6941619,139.7426212,10,administrative,,,,,,,relation
relation/17705902,九段北四丁目,35.6931825,139.7381754,10,administrative,,,,,,,relation
relation/17705903,九段北,35.6946706,139.7441161,9,administrative,,,,,,,relation
relation/18113399,湯島一丁目,35.7013634,139.7654702,10,administrative,neighbourhood,,,,,,relation
relation/18115073,湯島二丁目,35.7052326,139.7658366,10,administrative,neighbourhood,,,,,,relation
relation/18115086,湯島四丁目,35.7092015,139.7664691,10,administrative,neighbourhood,,,,,,relation
relation/18115096,湯島,35.7052804,139.7673659,9,administrative,,,,,,,relation
relation/18116167,本郷三丁目,35.7043913,139.7628194,10,administrative,neighbourhood,,,,,,relation
relation/18116196,本郷二丁目,35.7044934,139.7595523,10,administrative,neighbourhood,,,,,,relation
relation/18116219,本郷一丁目,35.7050096,139.7561164,10,administrative,neighbourhood,,,,,,relation
relation/18116237,本郷四丁目,35.7093913,139.7569587,10,administrative,neighbourhood,,,,,,relation
relation/18122268,本郷五丁目,35.7100874,139.7579514,10,administrative,neighbourhood,,,,,,relation
relation/18122284,本郷六丁目,35.7135204,139.7575903,10,administrative,neighbourhood,,,,,,relation
relation/18122301,本郷七丁目,35.7116184,139.7632863,10,administrative,neighbourhood,,,,,,relation
relation/18122363,本郷,35.7084776,139.760296,9,administrative,,,,,,,relation
relation/18124913,後楽一丁目,35.7045162,139.7507605,10,administrative,neighbourhood,,,,,,relation
relation/18124920,後楽二丁目,35.7052889,139.7449366,10,administrative,neighbourhood,,,,,,relation
relation/18124931,後楽,35.7050486,139.749367,9,administrative,,,,,,,relation
relation/18124952,春日一丁目,35.7079952,139.7497956,10,administrative,neighbourhood,,,,,,relation
relation/18124967,春日二丁目,35.7109655,139.7432498,10,administrative,neighbourhood,,,,,,relation
relation/18124969,春日,35.7096865,139.7473044,9,administrative,,,,,,,relation
relation/18124985,弥生一丁目,35.7180153,139.7606159,10,administrative,neighbourhood,,,,,,relation
relation/18125001,弥生二丁目,35.7161599,139.7638499,10,administrative,neighbourhood,,,,,,relation
relation/18125027,弥生,35.7171169,139.7622052,9,administrative,,,,,,,relation
relation/18130772,根津一丁目,35.7188705,139.7630814,10,administrative,neighbourhood,,,,,,relation
relation/18130781,根津二丁目,35.7185595,139.7654515,10,administrative,neighbourhood,,,,,,relation
relation/18130797,根津,35.7185595,139.764244,9,administrative,,,,,,,relation
relation/18130843,向丘二丁目,35.7215959,139.7565006,10,administrative,neighbourhood,,,,,,relation
relation/18130861,向丘一丁目,35.7195305,139.7556369,10,administrative,neighbourhood,,,,,,relation
relation/18130863,向丘,35.7211643,139.7559711,9,administrative,,,,,,,relation
relation/18138897,西片一丁目,35.7131861,139.7544817,10,administrative,neighbourhood,,,,,,relation
relation/18138905,西片二丁目,35.7162329,139.7560199,10,administrative,neighbourhood,,,,,,relation
relation/18138933,小石川一丁目,35.7119524,139.7509448,10,administrative,neighbourhood,,,,,,relation
relation/18138934,西片,35.7150797,139.7554141,9,administrative,,,,,,,relation
relation/18138944,小石川二丁目,35.7106057,139.7491082,10,administrative,neighbourhood,,,,,,relation
relation/18139016,小石川三丁目,35.7131177,139.7477595,10,administrative,neighbourhood,,,,,,relation
relation/18139031,小石川四丁目,35.7142009,139.7434879,10,administrative,neighbourhood,,,,,,relation
relation/18139069,小石川五丁目,35.7180594,139.7404959,10,administrative,neighbourhood,,,,,,relation
relation/18139075,小石川,35.7146011,139.745043,9,administrative,,,,,,,relation
relation/18139304,九段南一丁目,35.693898,139.7529989,10,administrative,neighbourhood,,,,,,relation
relation/18142849,水道一丁目,35.7093365,139.7424125,10,administrative,neighbourhood,,,,,,relation
relation/18142853,水道二丁目,35.7098005,139.7358357,10,administrative,neighbourhood,,,,,,relation
relation/18142855,水道,35.7093809,139.7382495,9,administrative,,,,,,,relation
relation/18142863,関口一丁目,35.7098914,139.7287994,10,administrative,neighbourhood,,,,,,relation
relation/18143258,関口二丁目,35.7124288,139.727319,10,administrative,neighbourhood,,,,,,relation
relation/18143262,関口三丁目,35.7137364,139.7273868,10,administrative,neighbourhood,,,,,,relation
relation/18146997,九段南二丁目,35.6932692,139.7467442,10,administrative,neighbourhood,,,,,,relation
relation/18146998,関口,35.7114401,139.7287994,9,administrative,,,,,,,relation
relation/18147004,九段南三丁目,35.6924263,139.7423867,10,administrative,neighbourhood,,,,,,relation
relation/18147006,九段南四丁目,35.69123,139.7388522,10,administrative,neighbourhood,,,,,,relation
relation/18147013,九段南,35.692808,139.7462837,9,administrative,,,,,,,relation
relation/18147074,白山二丁目,35.7174758,139.7483496,10,administrative,neighbourhood,,,,,,relation
relation/18147077,白山一丁目,35.7188122,139.7530319,10,administrative,neighbourhood,,,,,,relation
relation/18147090,白山五丁目,35.7234846,139.749142,10,administrative,neighbourhood,,,,,,relation
relation/18147102,白山四丁目,35.7215615,139.7470554,10,administrative,neighbourhood,,,,,,relation
relation/18147117,白山三丁目,35.7201869,139.7440997,10,administrative,neighbourhood,,,,,,relation
relation/18147123,白山,35.7211326,139.7474835,9,administrative,,,,,,,relation
relation/18152312,小日向一丁目,35.7127456,139.7379818,10,administrative,neighbourhood,,,,,,relation
relation/18152324,小日向二丁目,35.7125502,139.7337037,10,administrative,neighbourhood,,,,,,relation
relation/18152331,小日向三丁目,35.7151708,139.7340709,10,administrative,neighbourhood,,,,,,relation
relation/18152339,小日向四丁目,35.7155425,139.7388177,10,administrative,neighbourhood,,,,,,relation
relation/18152342,小日向,35.7139345,139.7359924,9,administrative,,,,,,,relation
relation/18152348,目白台一丁目,35.7144588,139.7212395,10,administrative,neighbourhood,,,,,,relation
relation/18152407,目白台三丁目,35.7173369,139.7257022,10,administrative,neighbourhood,,,,,,relation
relation/18152451,目白台二丁目,35.7177356,139.7212834,10,administrative,neighbourhood,,,,,,relation
relation/18152456,目白台,35.716011,139.7228424,9,administrative,,,,,,,relation
relation/18155736,音羽一丁目,35.7139408,139.7299668,10,administrative,neighbourhood,,,,,,relation
relation/18155739,音羽二丁目,35.7186528,139.7269663,10,administrative,neighbourhood,,,,,,relation
relation/18155746,大塚一丁目,35.7170944,139.732955,10,administrative,neighbourhood,,,,,,relation
relation/18155747,音羽,35.7155769,139.7285111,9,administrative,,,,,,,relation
relation/18155752,大塚二丁目,35.7192734,139.7315553,10,administrative,neighbourhood,,,,,,relation
relation/18155753,大塚三丁目,35.7207529,139.7360392,10,administrative,neighbourhood,,,,,,relation
relation/18155809,大塚五丁目,35.7228243,139.7274473,10,administrative,neighbourhood,,,,,,relation
relation/18155915,大塚,35.721098,139.7314805,9,administrative,,,,,,,relation
relation/18158011,柳橋一丁目,35.696632,139.7878819,10,administrative,neighbourhood,,,,,,relation
relation/18158029,柳橋二丁目,35.698609,139.7893959,10,administrative,neighbourhood,,,,,,relation
relation/18158033,柳橋,35.6975414,139.7885988,9,administrative,,,,,,,relation
relation/18158110,蔵前一丁目,35.70011,139.790841,10,administrative,neighbourhood,,,,,,relation
relation/18158217,蔵前二丁目,35.7030715,139.7921851,10,administrative,neighbourhood,,,,,,relation
relation/18158225,蔵前四丁目,35.7039956,139.7893544,10,administrative,neighbourhood,,,,,,relation
relation/18158226,蔵前三丁目,35.7039412,139.7913234,10,administrative,neighbourhood,,,,,,relation
relation/18158230,蔵前,35.702507,139.7915893,9,administrative,,,,,,,relation
relation/18158503,寿二丁目,35.7092995,139.7897782,10,administrative,neighbourhood,,,,,,relation
relation/18158504,寿一丁目,35.7073767,139.7895628,10,administrative,neighbourhood,,,,,,relation
relation/18158505,寿,35.7078607,139.7911652,9,administrative,,,,,,,relation
relation/18158595,西浅草二丁目,35.7130627,139.7904671,10,administrative,neighbourhood,,,,,,relation
relation/18158596,西浅草一丁目,35.7110079,139.7901306,10,administrative,neighbourhood,,,,,,relation
relation/18158597,西浅草,35.7139039,139.7904709,9,administrative,,,,,,,relation
relation/18158683,上野七丁目,35.7156407,139.7779149,10,administrative,neighbourhood,,,,,,relation
relation/18158684,上野,35.7116114,139.7756471,9,administrative,,,,,,,relation
relation/18158693,秋葉原,35.7021603,139.7745825,9,administrative,neighbourhood,,,,,,relation
relation/18158889,上野公園,35.7152932,139.7736841,9,administrative,neighbourhood,,,,,,relation
relation/18158950,台東一丁目,35.7013847,139.778276,10,administrative,neighbourhood,,,,,,relation
relation/18158951,台東,35.7039033,139.7787688,9,administrative,,,,,,,relation
relation/18165485,新橋六丁目,35.6615779,139.7538688,10,administrative,neighbourhood,,,,,,relation
relation/18165486,新橋五丁目,35.6631114,139.7549408,10,administrative,neighbourhood,,,,,,relation
relation/18165487,新橋四丁目,35.6643621,139.7558066,10,administrative,neighbourhood,,,,,,relation
relation/18165488,新橋三丁目,35.6656016,139.7564171,10,administrative,neighbourhood,,,,,,relation
relation/18165489,新橋二丁目,35.6668461,139.7573643,10,administrative,neighbourhood,,,,,,relation
relation/18165490,新橋一丁目,35.6680424,139.7587732,10,administrative,neighbourhood,,,,,,relation
relation/18165518,東新橋一丁目,35.6629265,139.7607144,10,administrative,neighbourhood,,,,,,relation
relation/18165519,東新橋二丁目,35.6619145,139.756803,10,administrative,neighbourhood,,,,,,relation
relation/18165520,東新橋,35.6629265,139.7592323,9,administrative,,,,,,,relation
relation/18173483,浜松町二丁目,35.6548518,139.7558308,10,administrative,neighbourhood,,,,,,relation
relation/18173484,浜松町一丁目,35.6583745,139.756489,10,administrative,neighbourhood,,,,,,relation
relation/18173485,浜松町,35.6565646,139.7562408,9,administrative,,,,,,,relation
relation/18173533,海岸三丁目,35.6406043,139.7555251,10,administrative,neighbourhood,,,,,,relation
relation/18173534,海岸二丁目,35.6492388,139.7587032,10,administrative,neighbourhood,,,,,,relation
relation/18173535,海岸一丁目,35.6558097,139.7604663,10,administrative,neighbourhood,,,,,,relation
relation/18173536,海岸,35.6471097,139.7575939,9,administrative,,,,,,,relation
relation/18177250,芝浦四丁目,35.6397513,139.747808,10,administrative,neighbourhood,,,,,,relation
relation/18177251,芝浦三丁目,35.6439825,139.7477235,10,administrative,neighbourhood,,,,,,relation
relation/18177252,芝浦二丁目,35.6443764,139.7538068,10,administrative,neighbourhood,,,,,,relation
relation/18177253,芝浦一丁目,35.6488363,139.7546262,10,administrative,neighbourhood,,,,,,relation
relation/18177254,芝浦,35.6442895,139.7505693,9,administrative,,,,,,,relation
relation/18177346,芝五丁目,35.6470944,139.7467193,10,administrative,neighbourhood,,,,,,relation
relation/18177347,芝四丁目,35.6483677,139.7511889,10,administrative,neighbourhood,,,,,,relation
relation/18177348,芝三丁目,35.6523584,139.7472894,10,administrative,neighbourhood,,,,,,relation
relation/18177349,芝二丁目,35.6513559,139.7516873,10,administrative,neighbourhood,,,,,,relation
relation/18177350,芝一丁目,35.6510301,139.7547275,10,administrative,neighbourhood,,,,,,relation
relation/18177351,芝,35.6492696,139.750226,9,administrative,,,,,,,relation
relation/18177436,西新橋三丁目,35.6633238,139.7512438,10,administrative,neighbourhood,,,,,,relation
relation/18177437,西新橋二丁目,35.6663303,139.7520435,10,administrative,neighbourhood,,,,,,relation
relation/18177438,西新橋一丁目,35.6687829,139.7531451,10,administrative,neighbourhood,,,,,,relation
relation/18177439,西新橋,35.665803,139.7524012,9,administrative,,,,,,,relation
relation/18180723,芝大門二丁目,35.6550472,139.7537073,10,administrative,neighbourhood,,,,,,relation
relation/18180724,芝大門一丁目,35.6586777,139.7539082,10,administrative,neighbourhood,,,,,,relation
relation/18180725,芝大門,35.6568432,139.7539082,9,administrative,,,,,,,relation
relation/18180827,芝公園四丁目,35.6564476,139.746842,10,administrative,neighbourhood,,,,,,relation
relation/18180828,芝公園三丁目,35.6599727,139.7473805,10,administrative,neighbourhood,,,,,,relation
relation/18180829,芝公園二丁目,35.6551842,139.7512789,10,administrative,neighbourhood,,,,,,relation
relation/18180830,芝公園一丁目,35.6589807,139.7515517,10,administrative,neighbourhood,,,,,,relation
relation/18180831,芝公園,35.6575917,139.7480771,9,administrative,,,,,,,relation
relation/18181006,愛宕二丁目,35.662855,139.7481792,10,administrative,neighbourhood,,,,,,relation
relation/18181007,愛宕一丁目,35.6651616,139.7489779,10,administrative,neighbourhood,,,,,,relation
relation/18181008,虎ノ門五丁目,35.6625426,139.7434783,10,administrative,neighbourhood,,,,,,relation
relation/18181009,虎ノ門四丁目,35.6648564,139.7441131,10,administrative,neighbourhood,,,,,,relation
relation/18181010,虎ノ門三丁目,35.6643384,139.746773,10,administrative,neighbourhood,,,,,,relation
relation/18181011,虎ノ門二丁目,35.668393,139.7456766,10,administrative,neighbourhood,,,,,,relation
relation/18181012,虎ノ門一丁目,35.6684864,139.7495224,10,administrative,neighbourhood,,,,,,relation
relation/18181013,虎ノ門,35.6659726,139.7462542,9,administrative,,,,,,,relation
relation/18181014,愛宕,35.6641079,139.7484407,9,administrative,,,,,,,relation
relation/18184159,三田五丁目,35.6462449,139.738089,10,administrative,neighbourhood,,,,,,relation
relation/18184160,三田四丁目,35.6439706,139.7395436,10,administrative,neighbourhood,,,,,,relation
relation/18184161,三田三丁目,35.6432645,139.7423437,10,administrative,neighbourhood,,,,,,relation
relation/18184162,三田二丁目,35.6498463,139.7409756,10,administrative,neighbourhood,,,,,,relation
relation/18184163,三田一丁目,35.653788,139.74108,10,administrative,neighbourhood,,,,,,relation
relation/18184164,三田,35.6471235,139.7404947,9,administrative,,,,,,,relation
relation/18184211,東麻布三丁目,35.6566557,139.7379161,10,administrative,neighbourhood,,,,,,relation
relation/18184212,東麻布二丁目,35.6568266,139.7410613,10,administrative,neighbourhood,,,,,,relation
relation/18184213,東麻布一丁目,35.6567389,139.7435435,10,administrative,neighbourhood,,,,,,relation
relation/18184214,東麻布,35.6567389,139.7409814,9,administrative,,,,,,,relation
relation/18189552,南麻布五丁目,35.6533916,139.725413,10,administrative,neighbourhood,,,,,,relation
relation/18189553,南麻布四丁目,35.648884,139.7254888,10,administrative,neighbourhood,,,,,,relation
relation/18189554,南麻布三丁目,35.6493386,139.7307199,10,administrative,neighbourhood,,,,,,relation
relation/18189555,南麻布二丁目,35.6482988,139.7351864,10,administrative,neighbourhood,,,,,,relation
relation/18189556,南麻布一丁目,35.6508558,139.7341166,10,administrative,neighbourhood,,,,,,relation
relation/18189557,南麻布,35.6511882,139.7296768,9,administrative,,,,,,,relation
relation/18190517,元麻布三丁目,35.6568142,139.7298111,10,administrative,neighbourhood,,,,,,relation
relation/18190518,元麻布二丁目,35.6538276,139.7292289,10,administrative,neighbourhood,,,,,,relation
relation/18190519,元麻布一丁目,35.6540833,139.7325661,10,administrative,neighbourhood,,,,,,relation
relation/18190520,元麻布,35.6552482,139.7303463,9,administrative,,,,,,,relation
relation/18212411,西麻布一丁目,35.6613244,139.7254405,10,administrative,neighbourhood,,,,,,relation
relation/18212412,西麻布二丁目,35.6618879,139.7205134,10,administrative,neighbourhood,,,,,,relation
relation/18212413,西麻布四丁目,35.657753,139.7210628,10,administrative,neighbourhood,,,,,,relation
relation/18212414,西麻布三丁目,35.6578659,139.7258245,10,administrative,neighbourhood,,,,,,relation
relation/18212415,西麻布,35.6594241,139.7231141,9,administrative,,,,,,,relation
relation/18215888,南青山六丁目,35.6607524,139.7162088,10,administrative,neighbourhood,,,,,,relation
relation/18215889,南青山七丁目,35.6578114,139.7158172,10,administrative,neighbourhood,,,,,,relation
relation/18220658,南青山五丁目,35.6624704,139.7132944,10,administrative,neighbourhood,,,,,,relation
relation/18220685,南青山四丁目,35.6648522,139.7176247,10,administrative,neighbourhood,,,,,,relation
relation/18220718,南青山一丁目,35.6698463,139.7256405,10,administrative,neighbourhood,,,,,,relation
relation/18220719,南青山二丁目,35.6672842,139.7203443,10,administrative,neighbourhood,,,,,,relation
relation/18220720,南青山三丁目,35.6664514,139.7153417,10,administrative,neighbourhood,,,,,,relation
relation/18220721,南青山,35.6648348,139.7189927,9,administrative,,,,,,,relation
relation/18225842,北青山三丁目,35.6662945,139.7123496,10,administrative,neighbourhood,,,,,,relation
relation/18225904,北青山二丁目,35.6720454,139.7175236,10,administrative,neighbourhood,,,,,,relation
relation/18225929,北青山一丁目,35.6754543,139.7216007,10,administrative,neighbourhood,,,,,,relation
relation/18225930,北青山,35.6710568,139.7163909,9,administrative,,,,,,,relation
relation/18243788,池尻一丁目,35.6440552,139.6823531,10,administrative,,,,,,,relation
relation/18243789,池尻二丁目,35.6478395,139.6812848,10,administrative,,,,,,,relation
relation/18243790,池尻三丁目,35.6497838,139.6810966,10,administrative,,,,,,,relation
relation/18243791,池尻四丁目,35.6537601,139.6783785,10,administrative,,,,,,,relation
relation/18243792,池尻,35.6485364,139.6790835,9,administrative,,,,,,,relation
relation/18252662,下馬一丁目,35.6396966,139.6820393,10,administrative,,,,,,,relation
relation/18252663,下馬二丁目,35.6410633,139.6774249,10,administrative,,,,,,,relation
relation/18252668,下馬,35.6347879,139.6791265,9,administrative,,,,,,,relation
relation/18423037,三田一丁目,35.6404145,139.7146954,10,administrative,,,,,,,relation
relation/18423038,三田二丁目,35.639462,139.7096379,10,administrative,,,,,,,relation
relation/18423039,三田,35.6398675,139.7119996,9,administrative,,,,,,,relation
relation/18447073,中目黒一丁目,35.6437399,139.7029933,10,administrative,,,,,,,relation
relation/18447074,中目黒二丁目,35.6408772,139.7062338,10,administrative,,,,,,,relation
relation/18447075,中目黒三丁目,35.6398038,139.7006023,10,administrative,,,,,,,relation
relation/18447078,中目黒,35.6400252,139.7017134,9,administrative,,,,,,,relation
relation/18447079,上目黒一丁目,35.6450366,139.6997073,10,administrative,,,,,,,relation
relation/18447080,上目黒二丁目,35.6411696,139.6970753,10,administrative,,,,,,,relation
relation/18447081,上目黒三丁目,35.6440945,139.6949824,10,administrative,,,,,,,relation
relation/18447082,上目黒四丁目,35.6408414,139.6905845,10,administrative,,,,,,,relation
relation/18447083,上目黒五丁目,35.6428868,139.6876692,10,administrative,,,,,,,relation
relation/18447084,上目黒,35.6427922,139.6931599,9,administrative,,,,,,,relation
relation/18447132,青葉台一丁目,35.6482361,139.6970612,10,administrative,,,,,,,relation
relation/18447133,青葉台二丁目,35.6505907,139.6945325,10,administrative,,,,,,,relation
relation/18447134,青葉台三丁目,35.6513411,139.6917818,10,administrative,,,,,,,relation
relation/18447135,青葉台四丁目,35.6546577,139.691483,10,administrative,,,,,,,relation
relation/18447136,青葉台,35.6512219,139.6949147,9,administrative,,,,,,,relation
relation/18447137,東山一丁目,35.6465185,139.6927184,10,administrative,,,,,,,relation
relation/18447138,東山二丁目,35.6464391,139.6881772,10,administrative,,,,,,,relation
relation/18447139,東山三丁目,35.6489827,139.6865658,10,administrative,,,,,,,relation
relation/18447140,東山,35.6470537,139.6906763,9,administrative,,,,,,,relation
relation/18450395,大橋一丁目,35.6512838,139.6883315,10,administrative,,,,,,,relation
relation/18450396,大橋二丁目,35.6532669,139.6859884,10,administrative,,,,,,,relation
relation/18450397,大橋,35.6528971,139.6862314,9,administrative,,,,,,,relation
relation/18450398,駒場一丁目,35.6570369,139.6868671,10,administrative,,,,,,,relation
relation/18450399,駒場二丁目,35.6576484,139.6806484,10,administrative,,,,,,,relation
relation/18450400,駒場三丁目,35.6601494,139.6857916,10,administrative,,,,,,,relation
relation/18450401,駒場四丁目,35.6616649,139.678378,10,administrative,,,,,,,relation
relation/18450402,駒場,35.6597273,139.6828294,9,administrative,,,,,,,relation
relation/18450500,五本木一丁目,35.6381404,139.6888516,10,administrative,,,,,,,relation
relation/18450503,五本木,35.6347247,139.6869145,9,administrative,,,,,,,relation
relation/18450504,祐天寺一丁目,35.6390108,139.6945273,10,administrative,,,,,,,relation
relation/18450506,祐天寺,35.6382191,139.6935732,9,administrative,,,,,,,relation
relation/18585053,弥生町一丁目,35.6900929,139.6798562,10,administrative,,,,,,,relation
relation/18585059,弥生町,35.6886802,139.671457,9,administrative,,,,,,,relation
relation/18609471,本町一丁目,35.6945652,139.6842926,10,administrative,,,,,,,relation
relation/18609472,本町二丁目,35.6947387,139.6802379,10,administrative,,,,,,,relation
relation/18609477,本町,35.6943121,139.6735029,9,administrative,,,,,,,relation
relation/18609608,中央一丁目,35.6990045,139.6856292,10,administrative,,,,,,,relation
relation/18609609,中央二丁目,35.6994708,139.6792757,10,administrative,,,,,,,relation
relation/18609613,中央,35.6997343,139.6750737,9,administrative,,,,,,,relation
relation/18609614,東中野一丁目,35.7036304,139.685189,10,administrative,,,,,,,relation
relation/18609615,東中野二丁目,35.7034988,139.6796648,10,administrative,,,,,,,relation
relation/18609616,東中野三丁目,35.7081857,139.6816002,10,administrative,,,,,,,relation
relation/18609617,東中野四丁目,35.7086622,139.6861711,10,administrative,,,,,,,relation
relation/18609618,東中野五丁目,35.7086954,139.6902311,10,administrative,,,,,,,relation
relation/18609619,東中野,35.7060789,139.6853715,9,administrative,,,,,,,relation
relation/18612987,中野一丁目,35.7035469,139.6762458,10,administrative,,,,,,,relation
relation/18612993,中野,35.7051155,139.6690783,9,administrative,,,,,,,relation
relation/18613032,上高田一丁目,35.7105597,139.6778874,10,administrative,,,,,,,relation
relation/18613035,上高田四丁目,35.713449,139.6782427,10,administrative,,,,,,,relation
relation/18613037,上高田,35.7141757,139.6754654,9,administrative,,,,,,,relation
relation/18667626,高田一丁目,35.7152268,139.7181838,10,administrative,,,,,,,relation
relation/18667627,高田二丁目,35.7161107,139.7133943,10,administrative,,,,,,,relation
relation/18667628,高田三丁目,35.7154696,139.7082858,10,administrative,,,,,,,relation
relation/18667629,高田,35.7156222,139.7131432,9,administrative,,,,,,,relation
relation/18672362,雑司が谷一丁目,35.7203446,139.7212355,10,administrative,,,,,,,relation
relation/18672363,雑司が谷二丁目,35.7194132,139.7166962,10,administrative,,,,,,,relation
relation/18672364,雑司が谷三丁目,35.7210712,139.7139757,10,administrative,,,,,,,relation
relation/18672365,雑司が谷,35.7201803,139.7184267,9,administrative,,,,,,,relation
relation/18672366,目白一丁目,35.7189687,139.7094889,10,administrative,,,,,,,relation
relation/18672367,目白二丁目,35.7217285,139.7101846,10,administrative,,,,,,,relation
relation/18672368,目白三丁目,35.7222856,139.7054349,10,administrative,,,,,,,relation
relation/18672371,目白,35.7214904,139.7030472,9,administrative,,,,,,,relation
relation/18706746,千束二丁目,35.7209606,139.7902846,10,administrative,,,,,,,relation
relation/18706749,千束,35.7217183,139.7938485,9,administrative,,,,,,,relation
relation/18706858,下谷二丁目,35.7217572,139.7837023,10,administrative,,,,,,,relation
relation/18706860,下谷,35.7225353,139.7852995,9,administrative,,,,,,,relation
relation/18706861,根岸一丁目,35.721341,139.7785518,10,administrative,,,,,,,relation
relation/18706866,根岸,35.7251745,139.7825703,9,administrative,,,,,,,relation
relation/18711626,上野桜木一丁目,35.7213636,139.7743716,10,administrative,,,,,,,relation
relation/18711628,上野桜木,35.721985,139.7743716,9,administrative,,,,,,,relation
relation/18711629,池之端一丁目,35.7106976,139.7682167,10,administrative,,,,,,,relation
relation/18711630,池之端二丁目,35.7149698,139.7664724,10,administrative,,,,,,,relation
relation/18711631,池之端三丁目,35.715919,139.7689027,10,administrative,,,,,,,relation
relation/18711632,池之端四丁目,35.7184025,139.7686318,10,administrative,,,,,,,relation
relation/18711633,池之端,35.7144327,139.7674178,9,administrative,,,,,,,relation
relation/18711634,谷中一丁目,35.7201069,139.7674604,10,administrative,,,,,,,relation
relation/18711641,谷中,35.7250151,139.7683222,9,administrative,,,,,,,relation
relation/18737548,神田佐久間町四丁目,35.6978974,139.7796081,10,administrative,,,,,,,relation
relation/18737549,神田練塀町,35.7007054,139.7740931,9,administrative,,,,,,,relation
relation/18737550,神田相生町,35.6994828,139.7736779,9,administrative,,,,,,,relation
relation/18737551,神田花岡町,35.6986679,139.7739311,9,administrative,,,,,,,relation
relation/18746134,一番町,35.6873485,139.7416817,9,administrative,,,,,,,relation
relation/18746135,二番町,35.6862204,139.7361793,9,administrative,,,,,,,relation
relation/18746136,三番町,35.6905401,139.7436646,9,administrative,,,,,,,relation
relation/18746137,四番町,35.6890679,139.7378781,9,administrative,,,,,,,relation
relation/18746138,五番町,35.6896745,139.7339258,9,administrative,,,,,,,relation
relation/18746139,六番町,35.6875281,139.7333679,9,administrative,,,,,,,relation
relation/18760462,赤坂一丁目,35.6686294,139.7427609,10,administrative,,,,,,,relation
relation/18760463,赤坂二丁目,35.6706524,139.7397777,10,administrative,,,,,,,relation
relation/18760464,赤坂三丁目,35.6755536,139.7371305,10,administrative,,,,,,,relation
relation/18760465,赤坂四丁目,35.6748275,139.733609,10,administrative,,,,,,,relation
relation/18760466,赤坂五丁目,35.6722705,139.734522,10,administrative,,,,,,,relation
relation/18760467,赤坂六丁目,35.6693232,139.7351675,10,administrative,,,,,,,relation
relation/18760468,赤坂七丁目,35.671909,139.7306199,10,administrative,,,,,,,relation
relation/18760469,赤坂八丁目,35.670766,139.7288583,10,administrative,,,,,,,relation
relation/18760470,赤坂九丁目,35.6666583,139.7304473,10,administrative,,,,,,,relation
relation/18764771,元赤坂一丁目,35.6773247,139.7344191,10,administrative,,,,,,,relation
relation/18764772,元赤坂二丁目,35.6777129,139.7268053,10,administrative,,,,,,,relation
relation/18764773,元赤坂,35.6777129,139.7283949,9,administrative,,,,,,,relation
relation/18769399,六本木一丁目,35.6650065,139.7411111,10,administrative,,,,,,,relation
relation/18769400,六本木二丁目,35.6670322,139.7373576,10,administrative,,,,,,,relation
relation/18769401,六本木三丁目,35.6644317,139.7360463,10,administrative,,,,,,,relation
relation/18769402,六本木四丁目,35.6651153,139.7337899,10,administrative,,,,,,,relation
relation/18769403,六本木五丁目,35.6601665,139.7349646,10,administrative,,,,,,,relation
relation/18769404,六本木六丁目,35.6601956,139.730238,10,administrative,,,,,,,relation
relation/18769405,六本木七丁目,35.6641556,139.727982,10,administrative,,,,,,,relation
relation/18773141,高輪二丁目,35.6373577,139.7374559,10,administrative,,,,,,,relation
relation/18773142,高輪一丁目,35.6403844,139.7346074,10,administrative,,,,,,,relation
relation/18773145,高輪,35.6340722,139.7357477,9,administrative,,,,,,,relation
relation/18773146,白金一丁目,35.64508,139.7335774,10,administrative,,,,,,,relation
relation/18773147,白金二丁目,35.6414538,139.731148,10,administrative,,,,,,,relation
relation/18773148,白金三丁目,35.6454339,139.7296639,10,administrative,,,,,,,relation
relation/18773149,白金四丁目,35.6422581,139.7274184,10,administrative,,,,,,,relation
relation/18773150,白金五丁目,35.6453722,139.7254214,10,administrative,,,,,,,relation
relation/18773151,白金六丁目,35.6428872,139.7235527,10,administrative,,,,,,,relation
relation/18773152,白金,35.6431583,139.7283687,9,administrative,,,,,,,relation
relation/18773153,白金台一丁目,35.6381212,139.7301432,10,administrative,,,,,,,relation
relation/18773156,白金台四丁目,35.6392863,139.7253576,10,administrative,,,,,,,relation
relation/18773157,白金台五丁目,35.6389742,139.7203326,10,administrative,,,,,,,relation
relation/18773158,白金台,35.6372199,139.7247091,9,administrative,,,,,,,relation
relation/19835627,浜離宮庭園,35.6595207,139.7647462,9,administrative,quarter,,,,,,relation
